time,pos_x,pos_y,pos_z,turret_x,turret_y,moveWS,moveAD,turretQE,turretRF,fire,ammo,fire_state
0.07570338249206543,150.0,8.0,150.0,63.15,-0.33,STOP,,,,False,40,ready
0.10114002227783203,150.0,10.0,150.0,0.0,0.0,,,,R,False,40,ready
1.136054515838623,150.0,8.0,150.0,0.0,5.17,,,,R,False,40,ready
2.1691031455993652,150.0,7.98,150.0,0.0,10.0,STOP,,,,True,39,fire
3.214047908782959,150.0,7.99,150.0,0.0,10.0,STOP,,,,False,39,reloading
4.248900651931763,150.0,8.0,150.0,0.0,10.0,,,E,,False,39,reloading
5.289862394332886,150.0,7.98,150.0,4.13,10.0,STOP,,,,False,39,reloading
6.305178642272949,150.0,7.99,150.0,4.13,10.0,STOP,,,,False,39,reloading
7.3376569747924805,150.0,8.0,150.0,4.13,10.0,STOP,,,,False,39,reloading
8.370003938674927,150.0,7.97,150.0,4.13,10.0,STOP,,,,True,38,fire
9.415618419647217,150.0,7.99,150.0,4.13,10.0,STOP,,,,False,38,reloading
10.44823932647705,150.0,8.0,150.0,4.13,10.0,,,E,,False,38,reloading
11.499274492263794,150.0,7.97,150.0,8.28,10.0,STOP,,,,False,38,reloading
12.513579607009888,150.0,7.97,150.0,8.28,10.0,STOP,,,,False,38,reloading
13.564427137374878,150.0,7.99,150.0,8.28,10.0,STOP,,,,False,38,reloading
14.597009897232056,150.0,8.0,150.0,8.28,10.0,STOP,,,,True,37,fire
15.630029916763306,150.0,7.97,150.0,8.28,10.0,STOP,,,,False,37,reloading
16.686332941055298,150.0,7.99,150.0,8.28,10.0,,,E,,False,37,reloading
17.705598831176758,150.0,8.0,150.0,12.41,10.0,STOP,,,,False,37,reloading
18.741005659103394,150.0,7.97,150.0,12.41,10.0,STOP,,,,False,37,reloading
19.778046131134033,150.0,7.99,150.0,12.41,10.0,STOP,,,,False,37,reloading
20.798376083374023,150.0,8.0,150.0,12.41,10.0,STOP,,,,True,36,fire
21.841977834701538,150.0,7.97,150.0,12.41,10.0,STOP,,,,False,36,reloading
22.883740425109863,150.0,7.98,150.0,12.41,10.0,,,E,,False,36,reloading
23.899268627166748,150.0,8.0,150.0,16.54,10.0,STOP,,,,False,36,reloading
24.940375566482544,150.0,7.97,150.0,16.54,10.0,STOP,,,,False,36,reloading
26.153035402297974,150.0,8.0,150.0,16.54,10.0,STOP,,,,False,36,reloading
27.209649085998535,150.0,7.98,150.0,16.54,10.0,STOP,,,,True,35,fire
28.251810312271118,150.0,7.97,150.0,16.54,10.0,STOP,,,,False,35,reloading
29.306509017944336,150.0,7.98,150.0,16.54,10.0,,,E,,False,35,reloading
30.327685594558716,150.0,8.0,150.0,20.68,10.0,STOP,,,,False,35,reloading
31.362499952316284,150.0,7.97,150.0,20.68,10.0,STOP,,,,False,35,reloading
32.396435260772705,150.0,7.98,150.0,20.68,10.0,STOP,,,,False,35,reloading
33.42043161392212,150.0,7.99,150.0,20.68,10.0,STOP,,,,True,34,fire
34.460834980010986,150.0,7.97,150.0,20.68,10.0,STOP,,,,False,34,reloading
35.507636070251465,150.0,7.98,150.0,20.68,10.0,,,E,,False,34,reloading
36.52884316444397,150.0,7.99,150.0,24.81,10.0,STOP,,,,False,34,reloading
37.56370949745178,150.0,7.97,150.0,24.81,10.0,STOP,,,,False,34,reloading
38.596253871917725,150.0,7.98,150.0,24.81,10.0,STOP,,,,False,34,reloading
39.63147187232971,150.0,7.99,150.0,24.81,10.0,STOP,,,,True,33,fire
40.66354537010193,150.0,7.97,150.0,24.81,10.0,STOP,,,,False,33,reloading
41.70396685600281,150.0,7.99,150.0,24.81,10.0,,,E,,False,33,reloading
42.77267122268677,150.0,7.99,150.0,29.05,10.0,STOP,,,,False,33,reloading
43.80642318725586,150.0,8.0,150.0,29.05,10.0,STOP,,,,False,33,reloading
44.8304488658905,150.0,7.98,150.0,29.05,10.0,STOP,,,,False,33,reloading
45.8814651966095,150.0,7.99,150.0,29.05,10.0,STOP,,,,True,32,fire
46.89638042449951,150.0,8.0,150.0,29.05,10.0,STOP,,,,False,32,reloading
47.92912983894348,150.0,7.98,150.0,29.05,10.0,,,E,,False,32,reloading
48.96403217315674,150.0,7.99,150.0,33.19,10.0,STOP,,,,False,32,reloading
50.007633447647095,150.0,8.0,150.0,33.19,10.0,STOP,,,,False,32,reloading
51.03168988227844,150.0,7.97,150.0,33.19,10.0,STOP,,,,False,32,reloading
52.07384991645813,150.0,7.99,150.0,33.19,10.0,STOP,,,,True,31,fire
53.09760761260986,150.0,8.0,150.0,33.19,10.0,STOP,,,,False,31,reloading
54.13048529624939,150.0,7.97,150.0,33.19,10.0,,,E,,False,31,reloading
55.17330980300903,150.0,7.98,150.0,37.32,10.0,STOP,,,,False,31,reloading
56.23004412651062,150.0,8.0,150.0,37.32,10.0,STOP,,,,False,31,reloading
57.2687349319458,150.0,7.99,150.0,37.32,10.0,STOP,,,,False,31,reloading
58.325900077819824,150.0,7.98,150.0,37.32,10.0,STOP,,,,True,30,fire
59.36919116973877,150.0,7.99,150.0,37.32,10.0,STOP,,,,False,30,reloading
60.40205001831055,150.0,7.97,150.0,37.32,10.0,,,E,,False,30,reloading
61.43801808357239,150.0,7.98,150.0,41.45,10.0,STOP,,,,False,30,reloading
62.48193573951721,150.0,7.99,150.0,41.45,10.0,STOP,,,,False,30,reloading
63.501657009124756,150.0,7.97,150.0,41.45,10.0,STOP,,,,False,30,reloading
64.5286226272583,150.0,7.98,150.0,41.45,10.0,STOP,,,,True,29,fire
65.57021260261536,150.0,7.99,150.0,41.45,10.0,STOP,,,,False,29,reloading
66.59434962272644,150.0,7.97,150.0,41.45,10.0,,,E,,False,29,reloading
67.63829374313354,150.0,7.98,150.0,45.59,10.0,STOP,,,,False,29,reloading
68.68425703048706,150.0,7.99,150.0,45.59,10.0,STOP,,,,False,29,reloading
69.7028648853302,150.0,7.97,150.0,45.59,10.0,STOP,,,,False,29,reloading
70.73688244819641,150.0,7.98,150.0,45.59,10.0,STOP,,,,True,28,fire
71.78981184959412,150.0,7.98,150.0,45.59,10.0,STOP,,,,False,28,reloading
72.85341453552246,150.0,7.99,150.0,45.59,10.0,,,E,,False,28,reloading
73.90205550193787,150.0,8.0,150.0,49.72,10.0,STOP,,,,False,28,reloading
74.91929197311401,150.0,7.97,150.0,49.72,10.0,STOP,,,,False,28,reloading
75.95309805870056,150.0,7.99,150.0,49.72,10.0,STOP,,,,False,28,reloading
76.97844171524048,150.0,8.0,150.0,49.72,10.0,STOP,,,,True,27,fire
78.01397013664246,150.0,7.97,150.0,49.72,10.0,STOP,,,,False,27,reloading
79.05537533760071,150.0,7.98,150.0,49.72,10.0,,,E,,False,27,reloading
80.1009464263916,150.0,8.0,150.0,53.86,10.0,STOP,,,,False,27,reloading
81.11228466033936,150.0,7.97,150.0,53.86,10.0,STOP,,,,False,27,reloading
82.15385293960571,150.0,7.98,150.0,53.86,10.0,STOP,,,,False,27,reloading
83.17947721481323,150.0,8.0,150.0,53.86,10.0,STOP,,,,True,26,fire
84.22158741950989,150.0,7.97,150.0,53.86,10.0,STOP,,,,False,26,reloading
85.24769449234009,150.0,7.98,150.0,53.86,10.0,,,E,,False,26,reloading
86.57971811294556,150.0,7.98,150.0,58.02,10.0,STOP,,,,False,26,reloading
87.62108254432678,150.0,7.97,150.0,59.1,10.0,STOP,,,,False,26,reloading
88.64461016654968,150.0,7.98,150.0,59.1,10.0,STOP,,,,False,26,reloading
89.70081806182861,150.0,7.99,150.0,59.1,10.0,STOP,,,,True,25,fire
90.72303915023804,150.0,7.97,150.0,59.1,10.0,STOP,,,,False,25,reloading
91.74702191352844,150.0,7.98,150.0,59.1,10.0,,,E,,False,25,reloading
92.78109765052795,150.0,7.99,150.0,63.23,10.0,STOP,,,,False,25,reloading
93.82614660263062,150.0,7.97,150.0,63.23,10.0,STOP,,,,False,25,reloading
94.85950517654419,150.0,7.98,150.0,63.23,10.0,STOP,,,,False,25,reloading
95.90163779258728,150.0,7.99,150.0,63.23,10.0,STOP,,,,True,24,fire
96.91510510444641,150.0,8.0,150.0,63.23,10.0,STOP,,,,False,24,reloading
97.95732736587524,150.0,7.98,150.0,63.23,10.0,,,E,,False,24,reloading
98.98296093940735,150.0,7.99,150.0,67.37,10.0,STOP,,,,False,24,reloading
100.01669239997864,150.0,8.0,150.0,67.37,10.0,STOP,,,,False,24,reloading
101.1668176651001,150.0,7.99,150.0,67.37,10.0,STOP,,,,False,24,reloading
102.23458933830261,150.0,7.97,150.0,67.37,10.0,STOP,,,,True,23,fire
103.27450656890869,150.0,7.98,150.0,67.37,10.0,STOP,,,,False,23,reloading
104.31200218200684,150.0,7.99,150.0,67.37,10.0,,,E,,False,23,reloading
105.33346128463745,150.0,7.97,150.0,71.5,10.0,STOP,,,,False,23,reloading
106.37832927703857,150.0,7.98,150.0,71.5,10.0,STOP,,,,False,23,reloading
107.41055822372437,150.0,7.99,150.0,71.5,10.0,STOP,,,,False,23,reloading
108.44503426551819,150.0,7.97,150.0,71.5,10.0,STOP,,,,True,22,fire
109.48587346076965,150.0,7.98,150.0,71.5,10.0,STOP,,,,False,22,reloading
110.51136207580566,150.0,7.99,150.0,71.5,10.0,,,E,,False,22,reloading
111.544851064682,150.0,8.0,150.0,75.63,10.0,STOP,,,,False,22,reloading
112.56911849975586,150.0,7.98,150.0,75.63,10.0,STOP,,,,False,22,reloading
113.61434674263,150.0,7.99,150.0,75.63,10.0,STOP,,,,False,22,reloading
114.64568638801575,150.0,8.0,150.0,75.63,10.0,STOP,,,,True,21,fire
115.6877064704895,150.0,7.98,150.0,75.63,10.0,STOP,,,,False,21,reloading
116.81541848182678,150.0,7.98,150.0,75.63,10.0,,,E,,False,21,reloading
117.87309002876282,150.0,7.99,150.0,79.87,10.0,STOP,,,,False,21,reloading
118.8974962234497,150.0,8.0,150.0,79.87,10.0,STOP,,,,False,21,reloading
119.93151235580444,150.0,7.97,150.0,79.87,10.0,STOP,,,,False,21,reloading
120.96571564674377,150.0,7.98,150.0,79.87,10.0,STOP,,,,True,20,fire
122.00915336608887,150.0,8.0,150.0,79.87,10.0,STOP,,,,False,20,reloading
123.04131126403809,150.0,7.97,150.0,79.87,10.0,,,E,,False,20,reloading
124.08562207221985,150.0,7.98,150.0,84.0,10.0,STOP,,,,False,20,reloading
125.10013961791992,150.0,7.99,150.0,84.0,10.0,STOP,,,,False,20,reloading
126.13288259506226,150.0,7.97,150.0,84.0,10.0,STOP,,,,False,20,reloading
127.17588829994202,150.0,7.98,150.0,84.0,10.0,STOP,,,,True,19,fire
128.20094084739685,150.0,7.99,150.0,84.0,10.0,STOP,,,,False,19,reloading
129.23375463485718,150.0,7.97,150.0,84.0,10.0,,,E,,False,19,reloading
130.28713417053223,150.0,7.98,150.0,88.14,10.0,STOP,,,,False,19,reloading
131.34923315048218,150.0,7.97,150.0,88.14,10.0,STOP,,,,False,19,reloading
132.3974142074585,150.0,8.0,150.0,88.14,10.0,STOP,,,,False,19,reloading
133.46732473373413,150.0,8.0,150.0,88.14,10.0,STOP,,,,True,18,fire
134.49279928207397,150.0,7.97,150.0,88.14,10.0,STOP,,,,False,18,reloading
135.5362687110901,150.0,7.98,150.0,88.14,10.0,,,E,,False,18,reloading
136.56122756004333,150.0,7.99,150.0,92.27,10.0,STOP,,,,False,18,reloading
137.60249519348145,150.0,7.97,150.0,92.27,10.0,STOP,,,,False,18,reloading
138.6282308101654,150.0,7.98,150.0,92.27,10.0,STOP,,,,False,18,reloading
139.67911171913147,150.0,7.99,150.0,92.27,10.0,STOP,,,,True,17,fire
140.70192694664001,150.0,7.97,150.0,92.27,10.0,STOP,,,,False,17,reloading
141.73679518699646,150.0,7.98,150.0,92.27,10.0,,,E,,False,17,reloading
142.76994681358337,150.0,7.99,150.0,96.4,10.0,STOP,,,,False,17,reloading
143.7936680316925,150.0,7.97,150.0,96.4,10.0,STOP,,,,False,17,reloading
144.83649945259094,150.0,7.98,150.0,96.4,10.0,STOP,,,,False,17,reloading
145.86991834640503,150.0,7.99,150.0,96.4,10.0,STOP,,,,True,16,fire
146.91284489631653,150.0,7.98,150.0,96.4,10.0,STOP,,,,False,16,reloading
147.9526765346527,150.0,7.97,150.0,96.4,10.0,,,E,,False,16,reloading
148.9855375289917,150.0,7.98,150.0,100.54,10.0,STOP,,,,False,16,reloading
150.03031635284424,150.0,7.99,150.0,100.54,10.0,STOP,,,,False,16,reloading
151.05385732650757,150.0,7.97,150.0,100.54,10.0,STOP,,,,False,16,reloading
152.10889554023743,150.0,7.98,150.0,100.54,10.0,STOP,,,,True,15,fire
153.12783217430115,150.0,7.99,150.0,100.54,10.0,STOP,,,,False,15,reloading
154.1622760295868,150.0,7.97,150.0,100.54,10.0,,,E,,False,15,reloading
155.18630123138428,150.0,7.98,150.0,104.67,10.0,STOP,,,,False,15,reloading
156.23128581047058,150.0,7.99,150.0,104.67,10.0,STOP,,,,False,15,reloading
157.26394629478455,150.0,7.97,150.0,104.67,10.0,STOP,,,,False,15,reloading
158.30836272239685,150.0,7.98,150.0,104.67,10.0,STOP,,,,True,14,fire
159.3288598060608,150.0,7.99,150.0,104.67,10.0,STOP,,,,False,14,reloading
160.354243516922,150.0,7.97,150.0,104.67,10.0,,,E,,False,14,reloading
161.42240118980408,150.0,7.99,150.0,108.94,10.0,STOP,,,,False,14,reloading
162.51431703567505,150.0,7.98,150.0,108.94,10.0,STOP,,,,False,14,reloading
163.52387595176697,150.0,7.99,150.0,108.94,10.0,STOP,,,,False,14,reloading
164.5574791431427,150.0,8.0,150.0,108.94,10.0,STOP,,,,True,13,fire
165.59986972808838,150.0,7.98,150.0,108.94,10.0,STOP,,,,False,13,reloading
166.62487483024597,150.0,7.99,150.0,108.94,10.0,,,E,,False,13,reloading
167.66761302947998,150.0,8.0,150.0,113.07,10.0,STOP,,,,False,13,reloading
168.70056533813477,150.0,7.97,150.0,113.07,10.0,STOP,,,,False,13,reloading
169.7342336177826,150.0,7.99,150.0,113.07,10.0,STOP,,,,False,13,reloading
170.7682180404663,150.0,8.0,150.0,113.07,10.0,STOP,,,,True,12,fire
171.80211997032166,150.0,7.97,150.0,113.07,10.0,STOP,,,,False,12,reloading
172.82759046554565,150.0,7.98,150.0,113.07,10.0,,,E,,False,12,reloading
173.86916947364807,150.0,8.0,150.0,117.21,10.0,STOP,,,,False,12,reloading
174.8931121826172,150.0,7.97,150.0,117.21,10.0,STOP,,,,False,12,reloading
175.92860054969788,150.0,7.98,150.0,117.21,10.0,STOP,,,,False,12,reloading
176.99481463432312,150.0,7.97,150.0,117.21,10.0,STOP,,,,True,11,fire
178.06875133514404,150.0,7.99,150.0,117.21,10.0,STOP,,,,False,11,reloading
179.10263562202454,150.0,7.97,150.0,117.21,10.0,,,E,,False,11,reloading
180.13723826408386,150.0,7.98,150.0,121.34,10.0,STOP,,,,False,11,reloading
181.16260385513306,150.0,7.99,150.0,121.34,10.0,STOP,,,,False,11,reloading
182.19490361213684,150.0,7.97,150.0,121.34,10.0,STOP,,,,False,11,reloading
183.24009561538696,150.0,7.98,150.0,121.34,10.0,STOP,,,,True,10,fire
184.27182960510254,150.0,7.99,150.0,121.34,10.0,STOP,,,,False,10,reloading
185.30298852920532,150.0,8.0,150.0,121.34,10.0,,,E,,False,10,reloading
186.32860136032104,150.0,7.98,150.0,125.47,10.0,STOP,,,,False,10,reloading
187.36394333839417,150.0,7.99,150.0,125.47,10.0,STOP,,,,False,10,reloading
188.4053304195404,150.0,8.0,150.0,125.47,10.0,STOP,,,,False,10,reloading
189.4389340877533,150.0,7.98,150.0,125.47,10.0,STOP,,,,True,9,fire
190.482754945755,150.0,7.99,150.0,125.47,10.0,STOP,,,,False,9,reloading
191.55002784729004,150.0,7.97,150.0,125.47,10.0,,,E,,False,9,reloading
192.63773393630981,150.0,7.98,150.0,129.79,10.0,STOP,,,,False,9,reloading
193.70143818855286,150.0,7.97,150.0,129.79,10.0,STOP,,,,False,9,reloading
194.7257571220398,150.0,7.98,150.0,129.79,10.0,STOP,,,,False,9,reloading
195.76819038391113,150.0,8.0,150.0,129.79,10.0,STOP,,,,True,8,fire
196.8012764453888,150.0,7.97,150.0,129.79,10.0,STOP,,,,False,8,reloading
197.83452105522156,150.0,7.98,150.0,129.79,10.0,,,E,,False,8,reloading
198.87940001487732,150.0,7.99,150.0,133.93,10.0,STOP,,,,False,8,reloading
199.90239024162292,150.0,7.97,150.0,133.93,10.0,STOP,,,,False,8,reloading
200.93607473373413,150.0,7.98,150.0,133.93,10.0,STOP,,,,False,8,reloading
201.968816280365,150.0,7.99,150.0,133.93,10.0,STOP,,,,True,7,fire
202.9936056137085,150.0,7.97,150.0,133.93,10.0,STOP,,,,False,7,reloading
204.03657054901123,150.0,7.98,150.0,133.93,10.0,,,E,,False,7,reloading
205.0815873146057,150.0,7.99,150.0,138.06,10.0,STOP,,,,False,7,reloading
206.23638033866882,150.0,7.98,150.0,138.06,10.0,STOP,,,,False,7,reloading
207.30446219444275,150.0,7.99,150.0,138.06,10.0,STOP,,,,False,7,reloading
208.360689163208,150.0,7.97,150.0,138.06,10.0,STOP,,,,True,6,fire
209.39550375938416,150.0,7.98,150.0,138.06,10.0,STOP,,,,False,6,reloading
210.42896962165833,150.0,8.0,150.0,138.06,10.0,,,E,,False,6,reloading
211.46251440048218,150.0,7.97,150.0,142.2,10.0,STOP,,,,False,6,reloading
212.50418186187744,150.0,7.98,150.0,142.2,10.0,STOP,,,,False,6,reloading
213.52885794639587,150.0,7.99,150.0,142.2,10.0,STOP,,,,False,6,reloading
214.5621464252472,150.0,7.97,150.0,142.2,10.0,STOP,,,,True,5,fire
215.59729027748108,150.0,7.98,150.0,142.2,10.0,STOP,,,,False,5,reloading
216.62063765525818,150.0,7.99,150.0,142.2,10.0,,,E,,False,5,reloading
217.70550918579102,150.0,7.98,150.0,146.46,10.0,STOP,,,,False,5,reloading
218.7298276424408,150.0,7.99,150.0,146.46,10.0,STOP,,,,False,5,reloading
219.76299047470093,150.0,7.97,150.0,146.46,10.0,STOP,,,,False,5,reloading
220.7984004020691,150.0,7.98,150.0,146.46,10.0,STOP,,,,True,4,fire
221.86280298233032,150.0,7.97,150.0,146.46,10.0,STOP,,,,False,4,reloading
222.9101026058197,150.0,7.99,150.0,146.46,10.0,,,E,,False,4,reloading
223.97081017494202,150.0,7.99,150.0,150.71,10.0,STOP,,,,False,4,reloading
225.00659346580505,150.0,8.0,150.0,150.71,10.0,STOP,,,,False,4,reloading
226.0374414920807,150.0,7.98,150.0,150.71,10.0,STOP,,,,False,4,reloading
227.0833375453949,150.0,7.99,150.0,150.71,10.0,STOP,,,,True,3,fire
228.10509037971497,150.0,8.0,150.0,150.71,10.0,STOP,,,,False,3,reloading
229.13862490653992,150.0,7.98,150.0,150.71,10.0,,,E,,False,3,reloading
230.1645565032959,150.0,7.99,150.0,154.84,10.0,STOP,,,,False,3,reloading
231.20782041549683,150.0,8.0,150.0,154.84,10.0,STOP,,,,False,3,reloading
232.23873901367188,150.0,7.97,150.0,154.84,10.0,STOP,,,,False,3,reloading
233.282235622406,150.0,7.99,150.0,154.84,10.0,STOP,,,,True,2,fire
234.2964789867401,150.0,8.0,150.0,154.84,10.0,STOP,,,,False,2,reloading
235.33226656913757,150.0,7.97,150.0,154.84,10.0,,,E,,False,2,reloading
236.45919561386108,150.0,7.98,150.0,159.22,10.0,STOP,,,,False,2,reloading
237.493506193161,150.0,7.97,150.0,159.22,10.0,STOP,,,,False,2,reloading
238.5310082435608,150.0,7.97,150.0,159.22,10.0,STOP,,,,False,2,reloading
239.56519389152527,150.0,7.98,150.0,159.22,10.0,STOP,,,,True,1,fire
240.59986686706543,150.0,8.0,150.0,159.22,10.0,STOP,,,,False,1,reloading
241.6333086490631,150.0,7.97,150.0,159.22,10.0,,,E,,False,1,reloading
242.69069123268127,150.0,7.98,150.0,163.36,10.0,STOP,,,,False,1,reloading
243.73258662223816,150.0,7.97,150.0,163.36,10.0,STOP,,,,False,1,reloading
244.76799845695496,150.0,7.98,150.0,163.36,10.0,STOP,,,,False,1,reloading
245.8013617992401,150.0,7.99,150.0,163.36,10.0,STOP,,,,True,0,fire
246.8442256450653,150.0,7.99,150.0,163.36,10.0,STOP,,,,False,0,empty
247.90109372138977,150.0,7.99,150.0,163.36,10.0,,,E,,False,0,empty
248.93814730644226,150.0,8.0,150.0,167.5,10.0,STOP,,,,False,0,empty
249.99408388137817,150.0,8.0,150.0,167.5,10.0,STOP,,,,False,0,empty
251.08615446090698,150.0,7.97,150.0,167.5,10.0,STOP,,,,False,0,empty
252.3105800151825,150.0,7.99,150.0,167.5,10.0,STOP,,,,True,0,empty
253.36747789382935,150.0,8.0,150.0,167.5,10.0,STOP,,,,False,0,empty
254.45377707481384,150.0,8.0,150.0,167.5,10.0,,,E,,False,0,empty
255.48626518249512,150.0,8.0,150.0,171.73,10.0,STOP,,,,False,0,empty
256.5305485725403,150.0,7.99,150.0,171.73,10.0,STOP,,,,False,0,empty
257.5737988948822,150.0,7.99,150.0,171.73,10.0,STOP,,,,False,0,empty
258.6534068584442,150.0,7.98,150.0,171.73,10.0,STOP,,,,True,0,empty
259.69944047927856,150.0,7.97,150.0,171.73,10.0,STOP,,,,False,0,empty
260.75282979011536,150.0,7.99,150.0,171.73,10.0,,,E,,False,0,empty
261.79380226135254,150.0,7.99,150.0,175.88,10.0,STOP,,,,False,0,empty
262.8769989013672,150.0,7.99,150.0,175.88,10.0,STOP,,,,False,0,empty
263.9310736656189,150.0,7.98,150.0,175.88,10.0,STOP,,,,False,0,empty
264.9775938987732,150.0,7.98,150.0,175.88,10.0,STOP,,,,True,0,empty
266.08091473579407,150.0,8.0,150.0,175.88,10.0,STOP,,,,False,0,empty
267.1258749961853,150.0,7.97,150.0,175.88,10.0,,,E,,False,0,empty
268.1719069480896,150.0,7.99,150.0,180.08,10.0,STOP,,,,False,0,empty
269.28135895729065,150.0,7.99,150.0,180.08,10.0,STOP,,,,False,0,empty
270.3504276275635,150.0,8.0,150.0,180.08,10.0,STOP,,,,False,0,empty
271.40655517578125,150.0,8.0,150.0,180.08,10.0,STOP,,,,True,0,empty
272.4507303237915,150.0,7.99,150.0,180.08,10.0,STOP,,,,False,0,empty
273.5025808811188,150.0,7.97,150.0,180.08,10.0,,,E,,False,0,empty
274.5516629219055,150.0,7.99,150.0,184.28,10.0,STOP,,,,False,0,empty
275.6045882701874,150.0,8.0,150.0,184.28,10.0,STOP,,,,False,0,empty
276.6747205257416,150.0,7.98,150.0,184.28,10.0,STOP,,,,False,0,empty
277.71632051467896,150.0,7.99,150.0,184.28,10.0,STOP,,,,True,0,empty
278.76010489463806,150.0,7.97,150.0,184.28,10.0,STOP,,,,False,0,empty
279.8369519710541,150.0,7.97,150.0,184.28,10.0,,,E,,False,0,empty
280.8730571269989,150.0,7.99,150.0,188.48,10.0,STOP,,,,False,0,empty
281.9330747127533,150.0,7.98,150.0,188.48,10.0,STOP,,,,False,0,empty
283.00208950042725,150.0,7.97,150.0,188.48,10.0,STOP,,,,False,0,empty
284.0517227649689,150.0,7.99,150.0,188.48,10.0,STOP,,,,True,0,empty
285.08889865875244,150.0,7.99,150.0,188.48,10.0,STOP,,,,False,0,empty
286.1243169307709,150.0,8.0,150.0,188.48,10.0,,,E,,False,0,empty
287.167103767395,150.0,7.99,150.0,192.65,10.0,STOP,,,,False,0,empty
288.22184562683105,150.0,7.97,150.0,192.65,10.0,STOP,,,,False,0,empty
289.2749934196472,150.0,7.99,150.0,192.65,10.0,STOP,,,,False,0,empty
290.32875633239746,150.0,8.0,150.0,192.65,10.0,STOP,,,,True,0,empty
291.38403248786926,150.0,7.97,150.0,192.65,10.0,STOP,,,,False,0,empty
292.44869589805603,150.0,7.98,150.0,192.65,10.0,,,E,,False,0,empty
293.520179271698,150.0,7.97,150.0,196.91,10.0,STOP,,,,False,0,empty
294.55066561698914,150.0,7.99,150.0,196.91,10.0,STOP,,,,False,0,empty
295.61475229263306,150.0,7.99,150.0,196.91,10.0,STOP,,,,False,0,empty
296.7388644218445,150.0,8.0,150.0,196.91,10.0,STOP,,,,True,0,empty
297.7535207271576,150.0,7.98,150.0,196.91,10.0,STOP,,,,False,0,empty
298.8040814399719,150.0,7.97,150.0,196.91,10.0,,,E,,False,0,empty
299.8563663959503,150.0,7.98,150.0,201.14,10.0,STOP,,,,False,0,empty
300.9038746356964,150.0,7.97,150.0,201.14,10.0,STOP,,,,False,0,empty
301.9574854373932,150.0,7.99,150.0,201.14,10.0,STOP,,,,False,0,empty
302.9943480491638,150.0,7.99,150.0,201.14,10.0,STOP,,,,True,0,empty
304.0846199989319,150.0,8.0,150.0,201.14,10.0,STOP,,,,False,0,empty
305.14577627182007,150.0,8.0,150.0,201.14,10.0,,,E,,False,0,empty
306.18739223480225,150.0,8.0,150.0,205.3,10.0,STOP,,,,False,0,empty
307.2753963470459,150.0,7.99,150.0,205.3,10.0,STOP,,,,False,0,empty
308.30281805992126,150.0,8.0,150.0,205.3,10.0,STOP,,,,False,0,empty
309.3766040802002,150.0,7.97,150.0,205.3,10.0,STOP,,,,True,0,empty
310.400839805603,150.0,7.97,150.0,205.3,10.0,STOP,,,,False,0,empty
311.85462617874146,150.0,7.99,150.0,205.3,10.0,,,E,,False,0,empty
312.89692854881287,150.0,7.99,150.0,210.35,10.0,STOP,,,,False,0,empty
313.95371294021606,150.0,7.99,150.0,210.35,10.0,STOP,,,,False,0,empty
314.993634223938,150.0,7.99,150.0,210.35,10.0,STOP,,,,False,0,empty
316.0500056743622,150.0,8.0,150.0,210.35,10.0,STOP,,,,True,0,empty
317.1119906902313,150.0,7.99,150.0,210.35,10.0,STOP,,,,False,0,empty
318.17948269844055,150.0,7.97,150.0,210.35,10.0,,,E,,False,0,empty
319.1937518119812,150.0,7.99,150.0,214.49,10.0,STOP,,,,False,0,empty
320.26899003982544,150.0,7.99,150.0,214.49,10.0,STOP,,,,False,0,empty
321.3399782180786,150.0,7.97,150.0,214.49,10.0,STOP,,,,False,0,empty
322.3935444355011,150.0,7.98,150.0,214.49,10.0,STOP,,,,True,0,empty
323.4459972381592,150.0,7.97,150.0,214.49,10.0,STOP,,,,False,0,empty
324.4968194961548,150.0,7.98,150.0,214.49,10.0,,,E,,False,0,empty
325.54223465919495,150.0,7.99,150.0,218.64,10.0,STOP,,,,False,0,empty
326.780809879303,150.0,7.97,150.0,218.64,10.0,STOP,,,,False,0,empty
327.87917160987854,150.0,7.99,150.0,218.64,10.0,STOP,,,,False,0,empty
328.910920381546,150.0,7.97,150.0,218.64,10.0,STOP,,,,True,0,empty
329.9545090198517,150.0,8.0,150.0,218.64,10.0,STOP,,,,False,0,empty
331.00963401794434,150.0,7.97,150.0,218.64,10.0,,,E,,False,0,empty
332.0666162967682,150.0,7.97,150.0,222.88,10.0,STOP,,,,False,0,empty
333.1303551197052,150.0,7.98,150.0,222.88,10.0,STOP,,,,False,0,empty
334.22573947906494,150.0,7.97,150.0,222.88,10.0,STOP,,,,False,0,empty
335.27405071258545,150.0,8.0,150.0,222.88,10.0,STOP,,,,True,0,empty
336.33408403396606,150.0,8.0,150.0,222.88,10.0,STOP,,,,False,0,empty
337.3497951030731,150.0,7.97,150.0,222.88,10.0,,,E,,False,0,empty
338.41282320022583,150.0,7.97,150.0,227.13,10.0,STOP,,,,False,0,empty
339.4678204059601,150.0,7.98,150.0,227.13,10.0,STOP,,,,False,0,empty
340.53122305870056,150.0,7.98,150.0,227.13,10.0,STOP,,,,False,0,empty
341.86872363090515,150.0,7.99,150.0,227.13,10.0,STOP,,,,True,0,empty
342.8898079395294,150.0,7.97,150.0,227.13,10.0,STOP,,,,False,0,empty
343.9280788898468,150.0,7.98,150.0,227.13,10.0,,,E,,False,0,empty
345.0180678367615,150.0,7.97,150.0,231.3,10.0,STOP,,,,False,0,empty
346.07951498031616,150.0,7.99,150.0,231.5,10.0,STOP,,,,False,0,empty
347.14225816726685,150.0,7.97,150.0,231.5,10.0,STOP,,,,False,0,empty
348.2165811061859,150.0,7.98,150.0,231.5,10.0,STOP,,,,True,0,empty
349.25779390335083,150.0,8.0,150.0,231.5,10.0,STOP,,,,False,0,empty
350.299702167511,150.0,7.99,150.0,231.5,10.0,,,E,,False,0,empty
351.3818726539612,150.0,7.97,150.0,235.78,10.0,STOP,,,,False,0,empty
352.4216902256012,150.0,7.98,150.0,235.78,10.0,STOP,,,,False,0,empty
353.48412013053894,150.0,7.98,150.0,235.78,10.0,STOP,,,,False,0,empty
354.51336193084717,150.0,8.0,150.0,235.78,10.0,STOP,,,,True,0,empty
355.61920046806335,150.0,8.0,150.0,235.78,10.0,STOP,,,,False,0,empty
356.9832510948181,150.0,7.99,150.0,235.78,10.0,,,E,,False,0,empty
358.0311772823334,150.0,7.97,150.0,240.21,10.0,STOP,,,,False,0,empty
359.0804843902588,150.0,8.0,150.0,240.21,10.0,STOP,,,,False,0,empty
360.15202260017395,150.0,7.97,150.0,240.21,10.0,STOP,,,,False,0,empty
361.2021701335907,150.0,7.99,150.0,240.21,10.0,STOP,,,,True,0,empty
362.27903938293457,150.0,8.0,150.0,240.21,10.0,STOP,,,,False,0,empty
363.32302832603455,150.0,8.0,150.0,240.21,10.0,,,E,,False,0,empty
364.3823890686035,150.0,7.99,150.0,244.53,10.0,STOP,,,,False,0,empty
365.43661284446716,150.0,8.0,150.0,244.53,10.0,STOP,,,,False,0,empty
366.4742178916931,150.0,7.97,150.0,244.53,10.0,STOP,,,,False,0,empty
367.5285928249359,150.0,7.97,150.0,244.53,10.0,STOP,,,,True,0,empty
368.59126114845276,150.0,7.97,150.0,244.53,10.0,STOP,,,,False,0,empty
369.6547269821167,150.0,7.97,150.0,244.53,10.0,,,E,,False,0,empty
370.68701100349426,150.0,7.98,150.0,248.67,10.0,STOP,,,,False,0,empty
371.970974445343,150.0,7.98,150.0,248.67,10.0,STOP,,,,False,0,empty
373.0502293109894,150.0,7.97,150.0,248.67,10.0,STOP,,,,False,0,empty
374.1069793701172,150.0,7.98,150.0,248.67,10.0,STOP,,,,True,0,empty
375.1812720298767,150.0,7.99,150.0,248.67,10.0,STOP,,,,False,0,empty
376.240770816803,150.0,7.99,150.0,248.67,10.0,,,E,,False,0,empty
377.28952503204346,150.0,7.98,150.0,252.84,10.0,STOP,,,,False,0,empty
378.3534290790558,150.0,8.0,150.0,252.84,10.0,STOP,,,,False,0,empty
379.4065058231354,150.0,7.98,150.0,252.84,10.0,STOP,,,,False,0,empty
380.48072385787964,150.0,8.0,150.0,252.84,10.0,STOP,,,,True,0,empty
381.5043182373047,150.0,7.99,150.0,252.84,10.0,STOP,,,,False,0,empty
382.56829285621643,150.0,7.98,150.0,252.84,10.0,,,E,,False,0,empty
383.5901210308075,150.0,7.97,150.0,257.01,10.0,STOP,,,,False,0,empty
384.64201951026917,150.0,7.99,150.0,257.01,10.0,STOP,,,,False,0,empty
385.6824703216553,150.0,7.98,150.0,257.01,10.0,STOP,,,,False,0,empty
387.04411458969116,150.0,7.99,150.0,257.01,10.0,STOP,,,,True,0,empty
388.09651470184326,150.0,7.97,150.0,257.01,10.0,STOP,,,,False,0,empty
389.1780652999878,150.0,8.0,150.0,257.01,10.0,,,E,,False,0,empty
390.20814418792725,150.0,7.99,150.0,261.28,10.0,STOP,,,,False,0,empty
391.2545750141144,150.0,7.97,150.0,261.28,10.0,STOP,,,,False,0,empty
392.31891417503357,150.0,7.98,150.0,261.28,10.0,STOP,,,,False,0,empty
393.3730709552765,150.0,7.97,150.0,261.28,10.0,STOP,,,,True,0,empty
394.42851281166077,150.0,7.99,150.0,261.28,10.0,STOP,,,,False,0,empty
395.4692802429199,150.0,7.99,150.0,261.28,10.0,,,E,,False,0,empty
396.5313370227814,150.0,8.0,150.0,265.49,10.0,STOP,,,,False,0,empty
397.5731739997864,150.0,7.98,150.0,265.49,10.0,STOP,,,,False,0,empty
398.6343779563904,150.0,7.98,150.0,265.49,10.0,STOP,,,,False,0,empty
399.7040853500366,150.0,7.99,150.0,265.49,10.0,STOP,,,,True,0,empty
400.7810871601105,150.0,8.0,150.0,265.49,10.0,STOP,,,,False,0,empty
401.9622256755829,150.0,7.97,150.0,265.49,10.0,,,E,,False,0,empty
403.02371525764465,150.0,7.98,150.0,269.79,10.0,STOP,,,,False,0,empty
404.07171964645386,150.0,7.97,150.0,269.79,10.0,STOP,,,,False,0,empty
405.1250693798065,150.0,7.98,150.0,269.79,10.0,STOP,,,,False,0,empty
406.1434488296509,150.0,7.99,150.0,269.79,10.0,STOP,,,,True,0,empty
407.1868727207184,150.0,7.99,150.0,269.79,10.0,STOP,,,,False,0,empty
408.25200271606445,150.0,7.98,150.0,269.79,10.0,,,E,,False,0,empty
409.30046010017395,150.0,8.0,150.0,273.99,10.0,STOP,,,,False,0,empty
410.3588602542877,150.0,8.0,150.0,273.99,10.0,STOP,,,,False,0,empty
411.4054958820343,150.0,7.99,150.0,273.99,10.0,STOP,,,,False,0,empty
412.4596138000488,150.0,8.0,150.0,273.99,10.0,STOP,,,,True,0,empty
413.50915026664734,150.0,7.97,150.0,273.99,10.0,STOP,,,,False,0,empty
414.5479483604431,150.0,7.98,150.0,273.99,10.0,,,E,,False,0,empty
415.5885446071625,150.0,7.98,150.0,278.15,10.0,STOP,,,,False,0,empty
417.07226371765137,150.0,7.99,150.0,278.15,10.0,STOP,,,,False,0,empty
418.11673879623413,150.0,8.0,150.0,278.15,10.0,STOP,,,,False,0,empty
419.17825174331665,150.0,8.0,150.0,278.15,10.0,STOP,,,,True,0,empty
420.2680561542511,150.0,7.99,150.0,278.15,10.0,STOP,,,,False,0,empty
421.3299539089203,150.0,7.98,150.0,278.15,10.0,,,E,,False,0,empty
422.3960049152374,150.0,7.97,150.0,282.41,10.0,STOP,,,,False,0,empty
423.4439148902893,150.0,7.99,150.0,282.41,10.0,STOP,,,,False,0,empty
424.49334192276,150.0,7.97,150.0,282.41,10.0,STOP,,,,False,0,empty
425.5361657142639,150.0,8.0,150.0,282.41,10.0,STOP,,,,True,0,empty
426.5985825061798,150.0,8.0,150.0,282.41,10.0,STOP,,,,False,0,empty
427.66172313690186,150.0,8.0,150.0,282.41,10.0,,,E,,False,0,empty
428.71186351776123,150.0,7.97,150.0,286.63,10.0,STOP,,,,False,0,empty
429.77125430107117,150.0,7.98,150.0,286.63,10.0,STOP,,,,False,0,empty
430.8432619571686,150.0,8.0,150.0,286.63,10.0,STOP,,,,False,0,empty
432.11194229125977,150.0,7.98,150.0,286.63,10.0,STOP,,,,True,0,empty
433.1438698768616,150.0,8.0,150.0,286.63,10.0,STOP,,,,False,0,empty
434.1997776031494,150.0,7.97,150.0,286.63,10.0,,,E,,False,0,empty
435.2351849079132,150.0,7.97,150.0,290.86,10.0,STOP,,,,False,0,empty
436.2797152996063,150.0,7.99,150.0,290.86,10.0,STOP,,,,False,0,empty
437.30318236351013,150.0,8.0,150.0,290.86,10.0,STOP,,,,False,0,empty
438.33709144592285,150.0,7.97,150.01,290.86,10.0,STOP,,,,True,0,empty
439.37038111686707,150.0,7.98,150.01,290.86,10.0,STOP,,,,False,0,empty
440.4053809642792,150.0,8.0,150.01,290.86,10.0,,,E,,False,0,empty
441.4709177017212,150.0,7.98,150.01,295.13,10.0,STOP,,,,False,0,empty
442.5076892375946,150.0,7.99,150.01,295.13,10.0,STOP,,,,False,0,empty
443.5401523113251,150.0,7.97,150.01,295.13,10.0,STOP,,,,False,0,empty
444.5731112957001,150.0,7.98,150.01,295.13,10.0,STOP,,,,True,0,empty
445.60725235939026,150.0,7.99,150.01,295.13,10.0,STOP,,,,False,0,empty
446.98742842674255,150.0,8.0,150.01,295.13,10.0,,,E,,False,0,empty
448.0700936317444,150.0,8.0,150.01,299.68,10.0,STOP,,,,False,0,empty
449.0885796546936,150.0,7.98,150.01,299.68,10.0,STOP,,,,False,0,empty
450.1218001842499,150.0,7.99,150.01,299.68,10.0,STOP,,,,False,0,empty
451.1567533016205,150.0,8.0,150.01,299.68,10.0,STOP,,,,True,0,empty
452.188752412796,150.0,7.98,150.01,299.68,10.0,STOP,,,,False,0,empty
453.24288415908813,150.0,7.99,150.01,299.68,10.0,,,E,,False,0,empty
454.2556481361389,150.0,8.0,150.01,303.81,10.0,STOP,,,,False,0,empty
455.2982497215271,150.0,7.97,150.01,303.81,10.0,STOP,,,,False,0,empty
456.3219630718231,150.0,7.99,150.01,303.81,10.0,STOP,,,,False,0,empty
457.35779452323914,150.0,8.0,150.01,303.81,10.0,STOP,,,,True,0,empty
458.39853954315186,150.0,7.97,150.01,303.81,10.0,STOP,,,,False,0,empty
459.4267477989197,150.0,7.98,150.01,303.81,10.0,,,E,,False,0,empty
460.47130727767944,150.0,7.97,150.01,307.99,10.0,STOP,,,,False,0,empty
461.8635456562042,150.0,7.97,150.01,307.99,10.0,STOP,,,,False,0,empty
463.11589074134827,150.0,8.0,150.01,307.99,10.0,STOP,,,,False,0,empty
464.1689214706421,150.0,7.97,150.01,307.99,10.0,STOP,,,,True,0,empty
465.24060249328613,150.0,7.97,150.01,307.99,10.0,STOP,,,,False,0,empty
466.26291704177856,150.0,7.98,150.01,307.99,10.0,,,E,,False,0,empty
467.3004834651947,150.0,7.99,150.01,312.13,10.0,STOP,,,,False,0,empty
468.36337304115295,150.0,7.98,150.01,312.13,10.0,STOP,,,,False,0,empty
469.43190121650696,150.0,8.0,150.01,312.13,10.0,STOP,,,,False,0,empty
470.50472474098206,149.99,7.98,150.01,312.13,10.0,STOP,,,,True,0,empty
471.5321364402771,149.99,7.97,150.01,312.13,10.0,STOP,,,,False,0,empty
472.5965356826782,149.99,8.0,150.01,312.13,10.0,,,E,,False,0,empty
473.65804982185364,149.99,7.98,150.01,316.4,10.0,STOP,,,,False,0,empty
474.72773694992065,149.99,7.97,150.01,316.4,10.0,STOP,,,,False,0,empty
475.7644958496094,149.99,7.98,150.01,316.4,10.0,STOP,,,,False,0,empty
477.1165461540222,149.99,7.97,150.01,316.4,10.0,STOP,,,,True,0,empty
478.15417528152466,149.99,8.0,150.01,316.4,10.0,STOP,,,,False,0,empty
479.1935980319977,149.99,7.97,150.01,316.4,10.0,,,E,,False,0,empty
480.2729833126068,149.99,8.0,150.01,320.73,10.0,STOP,,,,False,0,empty
481.3332362174988,149.99,7.97,150.01,320.73,10.0,STOP,,,,False,0,empty
482.37536907196045,149.99,7.99,150.01,320.73,10.0,STOP,,,,False,0,empty
483.4583218097687,149.99,7.99,150.01,320.73,10.0,STOP,,,,True,0,empty
484.5244619846344,149.99,7.99,150.01,320.73,10.0,STOP,,,,False,0,empty
485.57532119750977,149.99,8.0,150.01,320.73,10.0,,,E,,False,0,empty
486.6464190483093,149.99,7.98,150.01,325.01,10.0,STOP,,,,False,0,empty
487.69599747657776,149.99,8.0,150.01,325.01,10.0,STOP,,,,False,0,empty
488.7504332065582,149.99,7.97,150.01,325.01,10.0,STOP,,,,False,0,empty
489.79259181022644,149.99,8.0,150.01,325.01,10.0,STOP,,,,True,0,empty
490.8495078086853,149.99,7.98,150.01,325.01,10.0,STOP,,,,False,0,empty
492.18412709236145,149.99,8.0,150.01,325.01,10.0,,,E,,False,0,empty
493.2562086582184,149.99,8.0,150.01,329.33,10.0,STOP,,,,False,0,empty
494.28471541404724,149.99,7.98,150.01,329.33,10.0,STOP,,,,False,0,empty
495.3366358280182,149.99,8.0,150.01,329.33,10.0,STOP,,,,False,0,empty
496.385600566864,149.99,7.98,150.01,329.33,10.0,STOP,,,,True,0,empty
497.46143221855164,149.99,7.99,150.01,329.33,10.0,STOP,,,,False,0,empty
498.51920318603516,149.99,7.98,150.01,329.33,10.0,,,E,,False,0,empty
499.5901231765747,149.99,8.0,150.01,333.54,10.0,STOP,,,,False,0,empty
500.64670610427856,149.99,8.0,150.01,333.54,10.0,STOP,,,,False,0,empty
501.6897292137146,149.99,7.97,150.01,333.54,10.0,STOP,,,,False,0,empty
502.75935459136963,149.99,7.99,150.01,333.54,10.0,STOP,,,,True,0,empty
503.7995252609253,149.99,7.98,150.01,333.54,10.0,STOP,,,,False,0,empty
504.83596563339233,149.99,8.0,150.01,333.54,10.0,,,E,,False,0,empty
505.9058561325073,149.99,8.0,150.01,337.78,10.0,STOP,,,,False,0,empty
507.0699167251587,149.99,7.99,150.01,337.78,10.0,STOP,,,,False,0,empty
508.1302034854889,149.99,7.97,150.01,337.78,10.0,STOP,,,,False,0,empty
509.1713197231293,149.99,7.97,150.01,337.78,10.0,STOP,,,,True,0,empty
510.2438168525696,149.99,7.97,150.01,337.78,10.0,STOP,,,,False,0,empty
511.2585480213165,149.99,7.99,150.01,337.78,10.0,,,E,,False,0,empty
512.3264272212982,149.99,7.97,150.01,341.99,10.0,STOP,,,,False,0,empty
513.3764402866364,149.99,7.99,150.01,341.99,10.0,STOP,,,,False,0,empty
514.4252510070801,149.99,7.97,150.01,341.99,10.0,STOP,,,,False,0,empty
515.4569432735443,149.99,8.0,150.01,341.99,10.0,STOP,,,,True,0,empty
516.5197637081146,149.99,8.0,150.01,341.99,10.0,STOP,,,,False,0,empty
517.5891239643097,149.99,7.98,150.01,341.99,10.0,,,E,,False,0,empty
518.6465930938721,149.99,7.98,150.01,346.23,10.0,STOP,,,,False,0,empty
519.695360660553,149.99,8.0,150.01,346.23,10.0,STOP,,,,False,0,empty
520.7487714290619,149.99,7.98,150.01,346.23,10.0,STOP,,,,False,0,empty
522.2035872936249,149.99,7.98,150.0,346.23,10.0,STOP,,,,True,0,empty
523.2651205062866,149.99,7.97,150.0,346.23,10.0,STOP,,,,False,0,empty
524.3282907009125,149.99,7.98,150.0,346.23,10.0,,,E,,False,0,empty
525.3792150020599,149.99,8.0,150.0,350.43,10.0,STOP,,,,False,0,empty
526.4444007873535,149.99,7.99,150.0,350.43,10.0,STOP,,,,False,0,empty
527.4892807006836,149.99,7.98,150.0,350.43,10.0,STOP,,,,False,0,empty
528.5475738048553,149.99,7.98,150.0,350.43,10.0,STOP,,,,True,0,empty
529.5939247608185,149.99,7.97,150.0,350.43,10.0,STOP,,,,False,0,empty
530.6589481830597,149.99,8.0,150.0,350.43,10.0,,,E,,False,0,empty
531.7000722885132,149.99,7.99,150.0,354.6,10.0,STOP,,,,False,0,empty
532.7574129104614,149.99,8.0,150.0,354.6,10.0,STOP,,,,False,0,empty
533.7968349456787,149.99,7.99,150.0,354.6,10.0,STOP,,,,False,0,empty
534.8519768714905,149.99,8.0,150.0,354.6,10.0,STOP,,,,True,0,empty
535.910745382309,149.99,7.97,150.0,354.6,10.0,STOP,,,,False,0,empty
537.427592754364,149.99,7.98,150.0,354.6,10.0,,,E,,False,0,empty
538.4779696464539,149.99,7.98,150.0,359.3,10.0,STOP,,,,False,0,empty
539.5501010417938,149.99,7.97,150.0,359.3,10.0,STOP,,,,False,0,empty
540.6028292179108,149.99,7.98,150.0,359.3,10.0,STOP,,,,False,0,empty
541.6607143878937,149.99,7.99,150.0,359.3,10.0,STOP,,,,True,0,empty
542.6788475513458,149.99,7.99,150.0,359.3,10.0,STOP,,,,False,0,empty
543.7203392982483,149.99,7.99,150.0,359.3,10.0,,,E,,False,0,empty
544.7867760658264,149.99,7.98,150.0,3.57,10.0,STOP,,,,False,0,empty
545.8379085063934,149.99,8.0,150.0,3.57,10.0,STOP,,,,False,0,empty
546.890718460083,149.99,7.97,150.0,3.57,10.0,STOP,,,,False,0,empty
547.9428379535675,149.99,7.98,150.0,3.57,10.0,STOP,,,,True,0,empty
548.9848411083221,149.99,7.97,150.0,3.57,10.0,STOP,,,,False,0,empty
550.0439915657043,149.99,7.99,150.0,3.57,10.0,,,E,,False,0,empty
551.1064894199371,149.99,7.98,150.0,7.82,10.0,STOP,,,,False,0,empty
552.1730144023895,149.99,7.97,150.0,7.82,10.0,STOP,,,,False,0,empty
553.2353773117065,149.99,8.0,149.99,7.82,10.0,STOP,,,,False,0,empty
554.2804374694824,149.99,7.99,149.99,7.82,10.0,STOP,,,,True,0,empty
555.3511238098145,149.99,7.99,149.99,7.82,10.0,STOP,,,,False,0,empty
556.3882536888123,149.99,7.98,149.99,7.82,10.0,,,E,,False,0,empty
557.4308488368988,149.99,7.97,149.99,11.99,10.0,STOP,,,,False,0,empty
558.4735660552979,149.99,8.0,149.99,11.99,10.0,STOP,,,,False,0,empty
559.5203955173492,149.99,7.99,149.99,11.99,10.0,STOP,,,,False,0,empty
560.558575630188,149.99,7.99,149.99,11.99,10.0,STOP,,,,True,0,empty
561.6160018444061,149.99,8.0,149.99,11.99,10.0,STOP,,,,False,0,empty
562.7005257606506,149.99,7.99,149.99,11.99,10.0,,,E,,False,0,empty
563.7386848926544,149.99,7.99,149.99,16.18,10.0,STOP,,,,False,0,empty
564.7791395187378,149.99,7.99,149.99,16.18,10.0,STOP,,,,False,0,empty
565.8497347831726,149.99,7.97,149.99,16.18,10.0,STOP,,,,False,0,empty
567.3259518146515,149.99,8.0,149.99,16.18,10.0,STOP,,,,True,0,empty
568.3844833374023,149.99,7.97,149.99,16.18,10.0,STOP,,,,False,0,empty
569.4042387008667,149.99,7.98,149.99,16.18,10.0,,,E,,False,0,empty
570.4882860183716,149.99,7.97,149.99,20.37,10.0,STOP,,,,False,0,empty
571.5163376331329,149.99,7.99,149.99,20.37,10.0,STOP,,,,False,0,empty
572.5611090660095,149.99,7.98,149.99,20.37,10.0,STOP,,,,False,0,empty
573.6186978816986,149.99,7.99,149.99,20.37,10.0,STOP,,,,True,0,empty
574.7073476314545,149.99,7.98,149.99,20.37,10.0,STOP,,,,False,0,empty
575.7466328144073,149.99,7.98,149.99,20.37,10.0,STOP,,,,False,0,empty
576.7874879837036,149.99,7.98,149.99,20.37,10.0,STOP,,,,False,0,empty
577.8385698795319,149.99,7.99,149.99,20.37,10.0,STOP,,,,False,0,empty
578.916907787323,149.99,7.99,149.99,20.37,10.0,STOP,,,,False,0,empty
579.9915997982025,149.99,7.97,149.99,20.37,10.0,STOP,,,,False,0,empty
581.0327126979828,149.99,7.97,149.99,20.37,10.0,STOP,,,,False,0,empty
582.382125377655,149.99,7.97,149.99,20.37,10.0,STOP,,,,False,0,empty
583.4307322502136,149.99,8.0,149.99,20.37,10.0,STOP,,,,False,0,empty
584.5115027427673,149.99,7.97,149.99,20.37,10.0,STOP,,,,False,0,empty
585.5783216953278,149.99,8.0,149.99,20.37,10.0,STOP,,,,False,0,empty
586.6152737140656,149.99,8.0,149.99,20.37,10.0,STOP,,,,False,0,empty
587.6776492595673,149.99,7.99,149.99,20.37,10.0,STOP,,,,False,0,empty
588.7201042175293,149.99,7.99,149.99,20.37,10.0,STOP,,,,False,0,empty
589.7701268196106,149.99,7.97,149.99,20.37,10.0,STOP,,,,False,0,empty
590.8385462760925,149.99,7.98,149.99,20.37,10.0,STOP,,,,False,0,empty
591.8921933174133,149.99,7.97,149.99,20.37,10.0,STOP,,,,False,0,empty
592.9369440078735,149.99,8.0,149.99,20.37,10.0,STOP,,,,False,0,empty
593.9811956882477,149.99,7.99,149.99,20.37,10.0,STOP,,,,False,0,empty
595.0456845760345,149.99,8.0,149.99,20.37,10.0,STOP,,,,False,0,empty
596.1034581661224,149.99,7.99,149.99,20.37,10.0,STOP,,,,False,0,empty
597.3143239021301,149.99,7.98,149.99,20.37,10.0,STOP,,,,False,0,empty
598.4279832839966,149.99,8.0,149.99,20.37,10.0,STOP,,,,False,0,empty
599.4834589958191,149.99,7.97,149.99,20.37,10.0,STOP,,,,False,0,empty
600.5225586891174,149.99,7.97,149.99,20.37,10.0,STOP,,,,False,0,empty
601.571444272995,149.99,7.99,149.99,20.37,10.0,STOP,,,,False,0,empty
602.6358261108398,149.99,7.98,149.99,20.37,10.0,STOP,,,,False,0,empty
603.6698484420776,149.99,7.99,149.99,20.37,10.0,STOP,,,,False,0,empty
604.7203352451324,149.99,7.98,149.99,20.37,10.0,STOP,,,,False,0,empty
605.7831206321716,149.99,7.97,149.99,20.37,10.0,STOP,,,,False,0,empty
606.8323407173157,149.99,7.98,149.99,20.37,10.0,STOP,,,,False,0,empty
607.9177787303925,149.99,7.98,149.99,20.37,10.0,STOP,,,,False,0,empty
608.9773752689362,149.99,7.99,149.99,20.37,10.0,STOP,,,,False,0,empty
610.0052306652069,149.99,8.0,149.99,20.37,10.0,STOP,,,,False,0,empty
611.0557038784027,149.99,7.97,149.99,20.37,10.0,STOP,,,,False,0,empty
612.3946752548218,149.99,8.0,149.99,20.37,10.0,STOP,,,,False,0,empty
613.4259219169617,149.99,8.0,149.99,20.37,10.0,STOP,,,,False,0,empty
614.4824891090393,149.99,8.0,149.99,20.37,10.0,STOP,,,,False,0,empty
615.5355000495911,149.99,7.98,149.99,20.37,10.0,STOP,,,,False,0,empty
616.585156917572,149.99,8.0,149.99,20.37,10.0,STOP,,,,False,0,empty
617.648196220398,149.99,8.0,149.99,20.37,10.0,STOP,,,,False,0,empty
618.6905250549316,149.99,7.99,149.99,20.37,10.0,STOP,,,,False,0,empty
619.7577664852142,149.99,7.98,149.99,20.37,10.0,STOP,,,,False,0,empty
620.8211658000946,149.99,7.98,149.99,20.37,10.0,STOP,,,,False,0,empty
621.8365652561188,149.99,7.97,149.99,20.37,10.0,STOP,,,,False,0,empty
622.8758354187012,149.99,7.98,149.99,20.37,10.0,STOP,,,,False,0,empty
623.9358289241791,149.99,7.98,149.99,20.37,10.0,STOP,,,,False,0,empty
624.9957971572876,149.99,7.98,149.99,20.37,10.0,STOP,,,,False,0,empty
626.0471913814545,149.99,8.0,149.99,20.37,10.0,STOP,,,,False,0,empty
627.3852746486664,149.99,7.98,149.99,20.37,10.0,STOP,,,,False,0,empty
628.4405889511108,149.99,7.97,149.99,20.37,10.0,STOP,,,,False,0,empty
629.4771656990051,149.99,7.98,149.99,20.37,10.0,STOP,,,,False,0,empty
630.5213210582733,149.99,7.98,149.99,20.37,10.0,STOP,,,,False,0,empty
631.587263584137,149.99,7.99,149.99,20.37,10.0,STOP,,,,False,0,empty
632.6487855911255,149.99,7.99,149.99,20.37,10.0,STOP,,,,False,0,empty
633.6976134777069,149.99,7.98,149.99,20.37,10.0,STOP,,,,False,0,empty
634.7829601764679,149.99,8.0,149.99,20.37,10.0,STOP,,,,False,0,empty
635.8156111240387,149.99,7.98,149.99,20.37,10.0,STOP,,,,False,0,empty
636.8570494651794,149.99,7.98,149.99,20.37,10.0,STOP,,,,False,0,empty
637.8926436901093,149.99,7.98,149.99,20.37,10.0,STOP,,,,False,0,empty
638.9777328968048,149.99,7.98,149.99,20.37,10.0,STOP,,,,False,0,empty
640.043351650238,149.99,7.97,149.99,20.37,10.0,STOP,,,,False,0,empty
641.1016809940338,149.99,7.97,149.99,20.37,10.0,STOP,,,,False,0,empty
642.4851644039154,149.99,7.99,149.99,20.37,10.0,STOP,,,,False,0,empty
643.5240404605865,149.99,7.97,149.99,20.37,10.0,STOP,,,,False,0,empty
644.5709495544434,149.99,7.99,149.99,20.37,10.0,STOP,,,,False,0,empty
645.61625623703,149.99,7.98,149.99,20.37,10.0,STOP,,,,False,0,empty
646.6758334636688,149.99,7.97,149.99,20.37,10.0,STOP,,,,False,0,empty
647.7179689407349,149.99,7.98,149.99,20.37,10.0,STOP,,,,False,0,empty
648.793937921524,149.99,7.99,149.99,20.37,10.0,STOP,,,,False,0,empty
649.8542213439941,149.99,7.98,149.99,20.37,10.0,STOP,,,,False,0,empty
650.9131026268005,149.99,7.98,149.99,20.37,10.0,STOP,,,,False,0,empty
651.989584684372,149.99,7.99,149.99,20.37,10.0,STOP,,,,False,0,empty
653.024233341217,149.99,7.97,149.99,20.37,10.0,STOP,,,,False,0,empty
654.0696609020233,149.99,7.99,149.99,20.37,10.0,STOP,,,,False,0,empty
655.1309678554535,149.99,7.99,149.99,20.37,10.0,STOP,,,,False,0,empty
656.1815593242645,149.99,7.97,149.99,20.37,10.0,STOP,,,,False,0,empty
657.355310678482,149.99,8.0,149.99,20.37,10.0,STOP,,,,False,0,empty
658.5927906036377,149.99,7.99,149.99,20.37,10.0,STOP,,,,False,0,empty
659.641006231308,149.99,7.98,149.99,20.37,10.0,STOP,,,,False,0,empty
660.6830265522003,149.99,7.99,149.99,20.37,10.0,STOP,,,,False,0,empty
661.7094173431396,149.99,8.0,149.99,20.37,10.0,STOP,,,,False,0,empty
662.7500314712524,149.99,7.97,149.99,20.37,10.0,STOP,,,,False,0,empty
663.7738375663757,149.99,7.99,149.99,20.37,10.0,STOP,,,,False,0,empty
