time,pos_x,pos_y,pos_z,turret_x,turret_y,moveWS,moveAD,turretQE,turretRF,fire,ammo,fire_state,impact_x,impact_y,impact_z,hit
0.0792512893676757,149.97,7.97,149.99,115.5,0.0,STOP,,,,False,40.0,ready,,,,
1.133989334106445,149.97,8.0,149.99,115.5,0.0,STOP,,,,True,39.0,fire,,,,
1.7914612293243408,,,,,,,,,,,,,188.0482,7.882671,132.1635,terrain
2.1559042930603027,149.97,7.97,149.99,115.5,0.0,,,E,,False,39.0,reloading,,,,
3.1991114616394043,149.97,7.97,149.99,119.67,0.0,STOP,,,,False,39.0,reloading,,,,
4.2324512004852295,149.97,7.98,149.99,119.67,0.0,STOP,,,,False,39.0,reloading,,,,
5.272033452987671,149.97,7.98,149.99,119.67,0.0,STOP,,,,False,39.0,reloading,,,,
6.3325910568237305,149.97,7.98,149.99,119.67,0.0,STOP,,,,False,39.0,reloading,,,,
7.356654405593872,149.97,7.97,149.99,119.67,0.0,STOP,,,,True,38.0,fire,,,,
8.02956223487854,,,,,,,,,,,,,186.6265,7.885813,129.4446,terrain
8.412630796432495,149.97,7.98,149.99,119.67,0.0,,,E,,False,38.0,reloading,,,,
9.448845386505129,149.97,7.98,149.99,123.82,0.0,STOP,,,,False,38.0,reloading,,,,
10.492974519729614,149.97,7.98,149.99,123.82,0.0,STOP,,,,False,38.0,reloading,,,,
11.536583185195925,149.97,7.97,149.99,123.82,0.0,STOP,,,,False,38.0,reloading,,,,
12.583058834075928,149.97,7.98,149.99,123.82,0.0,STOP,,,,False,38.0,reloading,,,,
13.62652063369751,149.97,7.99,149.99,123.82,0.0,STOP,,,,True,37.0,fire,,,,
14.322915315628052,,,,,,,,,,,,,185.0168,7.875981,126.8441,terrain
14.672463417053224,149.97,7.98,149.99,123.82,0.0,,,E,,False,37.0,reloading,,,,
15.735025882720947,149.97,7.98,149.99,127.98,0.0,STOP,,,,False,37.0,reloading,,,,
16.77548861503601,149.97,7.97,149.99,127.98,0.0,STOP,,,,False,37.0,reloading,,,,
17.81340193748474,149.97,7.98,149.99,127.98,0.0,STOP,,,,False,37.0,reloading,,,,
18.885361909866333,149.97,7.99,149.99,127.98,0.0,STOP,,,,False,37.0,reloading,,,,
19.944141626358032,149.97,7.99,149.99,127.98,0.0,STOP,,,,True,36.0,fire,,,,
20.59994506835937,,,,,,,,,,,,,183.2208,7.873628,124.3645,terrain
20.98926568031311,149.97,7.99,149.99,127.98,0.0,,,E,,False,36.0,reloading,,,,
22.01521134376526,149.97,8.0,149.99,132.19,0.0,STOP,,,,False,36.0,reloading,,,,
23.07300329208374,149.97,7.98,149.99,132.19,0.0,STOP,,,,False,36.0,reloading,,,,
24.138878107070923,149.97,7.97,149.99,132.19,0.0,STOP,,,,False,36.0,reloading,,,,
25.164571523666385,149.97,7.99,149.99,132.19,0.0,STOP,,,,False,36.0,reloading,,,,
26.218339204788208,149.97,8.0,149.99,132.19,0.0,STOP,,,,True,35.0,fire,,,,
26.891907691955566,,,,,,,,,,,,,181.2238,7.87814,121.9933,terrain
27.264415502548218,149.97,7.99,149.99,132.19,0.0,,,E,,False,35.0,reloading,,,,
28.307983875274655,149.97,7.97,149.99,136.33,0.0,STOP,,,,False,35.0,reloading,,,,
29.337355852127075,149.97,7.97,149.99,136.33,0.0,STOP,,,,False,35.0,reloading,,,,
30.38838148117065,149.97,7.98,149.99,136.33,0.0,STOP,,,,False,35.0,reloading,,,,
31.42747187614441,149.97,7.98,149.99,136.33,0.0,STOP,,,,False,35.0,reloading,,,,
32.46987986564636,149.97,7.99,150.0,136.33,0.0,STOP,,,,True,34.0,fire,,,,
33.14401650428772,,,,,,,,,,,,,179.0964,7.90546,119.8199,terrain
33.53913712501526,149.97,7.98,150.0,136.33,0.0,,,E,,False,34.0,reloading,,,,
34.57380437850952,149.97,7.97,150.0,140.5,0.0,STOP,,,,False,34.0,reloading,,,,
35.59323167800903,149.97,7.98,150.0,140.5,0.0,STOP,,,,False,34.0,reloading,,,,
36.64378809928894,149.97,8.0,150.0,140.5,0.0,STOP,,,,False,34.0,reloading,,,,
37.677544355392456,149.97,7.97,150.0,140.5,0.0,STOP,,,,False,34.0,reloading,,,,
38.76569724082947,149.97,7.99,150.0,140.5,0.0,STOP,,,,True,33.0,fire,,,,
39.449320793151855,,,,,,,,,,,,,176.796,7.878336,117.7826,terrain
39.81613039970398,149.97,7.97,150.0,140.5,0.0,,,E,,False,33.0,reloading,,,,
40.85503363609314,149.97,7.97,150.0,144.66,0.0,STOP,,,,False,33.0,reloading,,,,
41.89564490318298,149.97,7.97,150.0,144.66,0.0,STOP,,,,False,33.0,reloading,,,,
42.9532482624054,149.97,7.97,150.0,144.66,0.0,STOP,,,,False,33.0,reloading,,,,
43.983259201049805,149.97,7.99,150.0,144.66,0.0,STOP,,,,False,33.0,reloading,,,,
45.03389692306519,149.97,7.98,150.0,144.66,0.0,STOP,,,,True,32.0,fire,,,,
45.72413754463196,,,,,,,,,,,,,174.3657,7.894124,115.9245,terrain
46.07600140571594,149.97,7.98,150.0,144.66,0.0,,,E,,False,32.0,reloading,,,,
47.13906168937683,149.97,7.97,150.0,148.83,0.0,STOP,,,,False,32.0,reloading,,,,
48.153191566467285,149.97,7.97,150.0,148.83,0.0,STOP,,,,False,32.0,reloading,,,,
49.20276236534119,149.97,8.0,150.0,148.83,0.0,STOP,,,,False,32.0,reloading,,,,
50.23852133750916,149.97,7.97,150.0,148.83,0.0,STOP,,,,False,32.0,reloading,,,,
51.275001525878906,149.97,7.98,150.0,148.83,0.0,STOP,,,,True,31.0,fire,,,,
51.95590424537659,,,,,,,,,,,,,171.7986,7.894069,114.242,terrain
52.35643291473389,149.97,7.99,150.0,148.83,0.0,,,E,,False,31.0,reloading,,,,
53.38187193870544,149.97,8.0,150.0,153.06,0.0,STOP,,,,False,31.0,reloading,,,,
54.4268696308136,149.97,7.99,150.0,153.06,0.0,STOP,,,,False,31.0,reloading,,,,
55.46641254425049,149.97,7.99,150.0,153.06,0.0,STOP,,,,False,31.0,reloading,,,,
56.50640058517456,149.97,7.99,150.0,153.06,0.0,STOP,,,,False,31.0,reloading,,,,
57.56780600547791,149.97,7.99,150.0,153.06,0.0,STOP,,,,True,30.0,fire,,,,
58.25145959854126,,,,,,,,,,,,,169.0752,7.873689,112.7304,terrain
58.62126660346985,149.97,8.0,150.0,153.06,0.0,,,E,,False,30.0,reloading,,,,
59.66371512413025,149.97,7.99,150.0,157.25,0.0,STOP,,,,False,30.0,reloading,,,,
60.73410177230835,149.97,7.99,150.0,157.25,0.0,STOP,,,,False,30.0,reloading,,,,
61.76643466949463,149.97,7.98,150.0,157.25,0.0,STOP,,,,False,30.0,reloading,,,,
62.82087397575378,149.97,8.0,150.0,157.25,0.0,STOP,,,,False,30.0,reloading,,,,
63.88026523590088,149.97,7.99,150.0,157.25,0.0,STOP,,,,True,29.0,fire,,,,
64.53237199783325,,,,,,,,,,,,,166.2761,7.873205,111.4352,terrain
64.90965366363525,149.97,8.0,150.0,157.25,0.0,,,E,,False,29.0,reloading,,,,
65.94961595535278,149.97,7.98,150.0,161.44,0.0,STOP,,,,False,29.0,reloading,,,,
66.99820351600647,149.97,7.97,150.0,161.44,0.0,STOP,,,,False,29.0,reloading,,,,
68.0624635219574,149.97,8.0,150.0,161.44,0.0,STOP,,,,False,29.0,reloading,,,,
69.08738231658936,149.97,7.99,150.0,161.44,0.0,STOP,,,,False,29.0,reloading,,,,
70.15183162689209,149.97,7.98,150.0,161.44,0.0,STOP,,,,True,28.0,fire,,,,
70.7983705997467,,,,,,,,,,,,,163.3869,7.896479,110.3474,terrain
71.19145655632019,149.97,7.98,150.0,161.44,0.0,,,E,,False,28.0,reloading,,,,
72.23270106315613,149.97,7.98,150.0,165.61,0.0,STOP,,,,False,28.0,reloading,,,,
73.29641962051392,149.97,7.97,150.0,165.61,0.0,STOP,,,,False,28.0,reloading,,,,
74.3415162563324,149.97,8.0,150.0,165.61,0.0,STOP,,,,False,28.0,reloading,,,,
75.40493607521057,149.97,7.98,150.0,165.61,0.0,STOP,,,,False,28.0,reloading,,,,
76.42340898513794,149.97,7.99,150.0,165.61,0.0,STOP,,,,True,27.0,fire,,,,
77.10817980766296,,,,,,,,,,,,,160.4459,7.907018,109.4788,terrain
77.4815411567688,149.97,8.0,150.0,165.61,0.0,,,E,,False,27.0,reloading,,,,
78.54501056671143,149.97,7.99,150.0,169.78,0.0,STOP,,,,False,27.0,reloading,,,,
79.56321835517883,149.97,7.99,150.0,169.78,0.0,STOP,,,,False,27.0,reloading,,,,
80.60504055023193,149.97,7.99,150.0,169.78,0.0,STOP,,,,False,27.0,reloading,,,,
81.66428756713867,149.97,7.99,150.0,169.78,0.0,STOP,,,,False,27.0,reloading,,,,
82.69379329681396,149.97,7.98,150.0,169.78,0.0,STOP,,,,True,26.0,fire,,,,
83.3635151386261,,,,,,,,,,,,,157.4458,7.893828,108.8257,terrain
83.73691868782043,149.97,7.97,150.0,169.78,0.0,,,E,,False,26.0,reloading,,,,
84.81077122688293,149.97,7.98,150.0,174.0,0.0,STOP,,,,False,26.0,reloading,,,,
85.8403651714325,149.97,7.99,150.0,174.0,0.0,STOP,,,,False,26.0,reloading,,,,
86.89750504493713,149.97,7.97,150.0,174.0,0.0,STOP,,,,False,26.0,reloading,,,,
87.98937964439392,149.97,8.0,150.0,174.0,0.0,STOP,,,,False,26.0,reloading,,,,
89.05867338180542,149.97,8.0,150.0,174.0,0.0,STOP,,,,True,25.0,fire,,,,
89.73800873756409,,,,,,,,,,,,,154.3671,7.883062,108.388,terrain
90.0956358909607,149.97,7.98,150.0,174.0,0.0,,,E,,False,25.0,reloading,,,,
91.1348295211792,149.97,7.97,150.0,178.17,0.0,STOP,,,,False,25.0,reloading,,,,
92.17216110229492,149.97,7.98,150.0,178.17,0.0,STOP,,,,False,25.0,reloading,,,,
93.21626853942873,149.97,8.0,150.0,178.17,0.0,STOP,,,,False,25.0,reloading,,,,
94.25889301300047,149.97,8.0,150.0,178.17,0.0,STOP,,,,False,25.0,reloading,,,,
95.2999050617218,149.97,7.97,150.0,178.17,0.0,STOP,,,,True,24.0,fire,,,,
95.97075510025024,,,,,,,,,,,,,151.3068,7.88612,108.1796,terrain
96.34310865402222,149.97,7.99,150.0,178.17,0.0,,,E,,False,24.0,reloading,,,,
97.37577033042908,149.97,8.0,150.0,182.31,0.0,STOP,,,,False,24.0,reloading,,,,
98.436772108078,149.97,7.97,150.0,182.31,0.0,STOP,,,,False,24.0,reloading,,,,
99.45639610290527,149.97,8.0,150.0,182.31,0.0,STOP,,,,False,24.0,reloading,,,,
100.50737690925598,149.97,7.99,150.0,182.31,0.0,STOP,,,,False,24.0,reloading,,,,
101.5436954498291,149.97,7.99,150.0,182.31,0.0,STOP,,,,True,23.0,fire,,,,
102.21498084068298,,,,,,,,,,,,,148.2616,7.873808,108.1932,terrain
102.57804322242735,149.97,8.0,150.0,182.31,0.0,,,E,,False,23.0,reloading,,,,
103.63929724693298,149.97,7.97,150.0,186.53,0.0,STOP,,,,False,23.0,reloading,,,,
104.67438292503356,149.97,7.97,150.0,186.53,0.0,STOP,,,,False,23.0,reloading,,,,
105.73238706588744,149.97,7.97,150.0,186.53,0.0,STOP,,,,False,23.0,reloading,,,,
106.76283740997314,149.97,8.0,150.0,186.53,0.0,STOP,,,,False,23.0,reloading,,,,
107.79793167114258,149.97,7.97,150.0,186.53,0.0,STOP,,,,True,22.0,fire,,,,
108.482186794281,,,,,,,,,,,,,145.1624,7.887789,108.4338,terrain
108.8590850830078,149.97,7.97,150.0,186.53,0.0,,,E,,False,22.0,reloading,,,,
109.9086298942566,149.97,8.0,150.0,190.7,0.0,STOP,,,,False,22.0,reloading,,,,
110.94527792930604,149.97,7.99,150.0,190.7,0.0,STOP,,,,False,22.0,reloading,,,,
111.98323941230774,149.97,8.0,150.0,190.7,0.0,STOP,,,,False,22.0,reloading,,,,
113.01666069030762,149.97,7.97,150.0,190.7,0.0,STOP,,,,False,22.0,reloading,,,,
114.05430269241332,149.97,7.97,150.0,190.7,0.0,STOP,,,,True,21.0,fire,,,,
114.72191143035889,,,,,,,,,,,,,142.1293,7.892721,108.8943,terrain
115.08961701393127,149.97,7.98,150.0,190.7,0.0,,,E,,False,21.0,reloading,,,,
116.1603193283081,149.97,7.98,150.0,194.86,0.0,STOP,,,,False,21.0,reloading,,,,
117.20068383216858,149.97,8.0,150.0,194.99,0.0,STOP,,,,False,21.0,reloading,,,,
118.25204515457152,149.97,7.98,150.0,194.99,0.0,STOP,,,,False,21.0,reloading,,,,
119.29324984550476,149.97,7.98,150.0,194.99,0.0,STOP,,,,False,21.0,reloading,,,,
120.37373328208923,149.97,7.98,150.0,194.99,0.0,STOP,,,,True,20.0,fire,,,,
121.038893699646,,,,,,,,,,,,,139.0475,7.874975,109.5983,terrain
121.4087142944336,149.97,7.99,150.0,194.99,0.0,,,E,,False,20.0,reloading,,,,
122.4424479007721,149.97,8.0,150.0,199.13,0.0,STOP,,,,False,20.0,reloading,,,,
123.4816792011261,149.97,8.0,150.0,199.13,0.0,STOP,,,,False,20.0,reloading,,,,
124.55977845191956,149.97,7.97,150.0,199.13,0.0,STOP,,,,False,20.0,reloading,,,,
125.5976824760437,149.97,7.97,150.0,199.13,0.0,STOP,,,,False,20.0,reloading,,,,
126.63591647148132,149.97,7.97,150.0,199.13,0.0,STOP,,,,True,19.0,fire,,,,
127.32709884643556,,,,,,,,,,,,,136.1359,7.891564,110.4926,terrain
127.68248987197876,149.97,8.0,150.0,199.13,0.0,,,E,,False,19.0,reloading,,,,
128.7440891265869,149.97,7.99,150.0,203.29,0.0,STOP,,,,False,19.0,reloading,,,,
129.77169680595398,149.97,7.98,150.0,203.29,0.0,STOP,,,,False,19.0,reloading,,,,
130.82225823402405,149.97,7.98,150.0,203.29,0.0,STOP,,,,False,19.0,reloading,,,,
131.8475124835968,149.97,7.99,150.0,203.29,0.0,STOP,,,,False,19.0,reloading,,,,
132.8852822780609,149.97,7.99,150.0,203.29,0.0,STOP,,,,True,18.0,fire,,,,
133.54773616790771,,,,,,,,,,,,,133.2785,7.875525,111.6025,terrain
133.94574809074402,149.97,7.99,150.0,203.29,0.0,,,E,,False,18.0,reloading,,,,
134.98382878303528,149.97,8.0,150.0,207.44,0.0,STOP,,,,False,18.0,reloading,,,,
136.02076506614685,149.97,8.0,150.0,207.44,0.0,STOP,,,,False,18.0,reloading,,,,
137.0611126422882,149.97,8.0,150.0,207.44,0.0,STOP,,,,False,18.0,reloading,,,,
138.09631633758545,149.97,7.97,150.0,207.44,0.0,STOP,,,,False,18.0,reloading,,,,
139.13501381874084,149.97,7.97,150.0,207.44,0.0,STOP,,,,True,17.0,fire,,,,
139.8183732032776,,,,,,,,,,,,,130.5211,7.892331,112.9109,terrain
140.16984963417053,149.97,7.98,150.0,207.44,0.0,,,E,,False,17.0,reloading,,,,
141.21173310279846,149.97,7.98,150.0,211.6,0.0,STOP,,,,False,17.0,reloading,,,,
142.25359511375427,149.97,7.98,150.0,211.6,0.0,STOP,,,,False,17.0,reloading,,,,
143.31271171569824,149.97,7.98,150.0,211.6,0.0,STOP,,,,False,17.0,reloading,,,,
144.334055185318,149.97,7.98,150.0,211.6,0.0,STOP,,,,False,17.0,reloading,,,,
145.39650774002075,149.97,7.97,150.0,211.6,0.0,STOP,,,,True,16.0,fire,,,,
146.04247522354126,,,,,,,,,,,,,127.854,7.892066,114.4222,terrain
146.42652654647827,149.97,7.97,150.0,211.6,0.0,,,E,,False,16.0,reloading,,,,
147.46203780174255,149.97,8.0,150.0,215.78,0.0,STOP,,,,False,16.0,reloading,,,,
148.50563406944275,149.97,7.99,150.0,215.78,0.0,STOP,,,,False,16.0,reloading,,,,
149.58867979049683,149.97,7.99,150.0,215.78,0.0,STOP,,,,False,16.0,reloading,,,,
150.60256361961365,149.97,8.0,150.0,215.78,0.0,STOP,,,,False,16.0,reloading,,,,
151.65069389343262,149.97,7.99,150.0,215.78,0.0,STOP,,,,True,15.0,fire,,,,
152.35997247695923,,,,,,,,,,,,,125.2965,7.905098,116.1285,terrain
152.69215941429138,149.97,7.98,150.0,215.78,0.0,,,E,,False,15.0,reloading,,,,
153.7500340938568,149.97,7.99,150.0,219.93,0.0,STOP,,,,False,15.0,reloading,,,,
154.77256965637207,149.97,7.98,150.0,219.93,0.0,STOP,,,,False,15.0,reloading,,,,
155.8254804611206,149.97,7.99,150.0,219.93,0.0,STOP,,,,False,15.0,reloading,,,,
156.8658664226532,149.97,7.99,150.0,219.93,0.0,STOP,,,,False,15.0,reloading,,,,
157.92812824249268,149.97,7.98,150.0,219.93,0.0,STOP,,,,True,14.0,fire,,,,
158.5808036327362,,,,,,,,,,,,,122.8859,7.898221,118.0028,terrain
158.9482626914978,149.97,7.99,150.0,219.93,0.0,,,E,,False,14.0,reloading,,,,
159.9944987297058,149.97,7.97,150.0,224.11,0.0,STOP,,,,False,14.0,reloading,,,,
161.0376787185669,149.97,7.97,150.0,224.11,0.0,STOP,,,,False,14.0,reloading,,,,
162.07627153396606,149.97,7.97,150.0,224.11,0.0,STOP,,,,False,14.0,reloading,,,,
163.13878631591797,149.97,7.97,150.0,224.11,0.0,STOP,,,,False,14.0,reloading,,,,
164.17146730422974,149.97,7.98,150.0,224.11,0.0,STOP,,,,True,13.0,fire,,,,
164.84319138526917,,,,,,,,,,,,,120.595,7.897691,120.0682,terrain
165.21087646484375,149.97,7.99,150.0,224.11,0.0,,,E,,False,13.0,reloading,,,,
166.24485278129578,149.97,7.99,150.0,228.26,0.0,STOP,,,,False,13.0,reloading,,,,
167.2783281803131,149.97,7.97,150.0,228.26,0.0,STOP,,,,False,13.0,reloading,,,,
168.3440487384796,149.97,7.97,150.0,228.26,0.0,STOP,,,,False,13.0,reloading,,,,
169.36417603492737,149.97,7.99,150.0,228.26,0.0,STOP,,,,False,13.0,reloading,,,,
170.39706325531006,149.97,7.97,150.0,228.26,0.0,STOP,,,,True,12.0,fire,,,,
171.07695198059082,,,,,,,,,,,,,118.4821,7.885762,122.2722,terrain
171.44474077224731,149.97,7.99,150.0,228.26,0.0,,,E,,False,12.0,reloading,,,,
172.51365327835083,149.97,7.98,150.0,232.47,0.0,STOP,,,,False,12.0,reloading,,,,
173.5507664680481,149.97,7.99,150.0,232.47,0.0,STOP,,,,False,12.0,reloading,,,,
174.56998682022095,149.97,7.98,150.0,232.47,0.0,STOP,,,,False,12.0,reloading,,,,
175.60641193389893,149.97,7.99,150.0,232.47,0.0,STOP,,,,False,12.0,reloading,,,,
176.64838075637817,149.97,7.99,150.0,232.47,0.0,STOP,,,,True,11.0,fire,,,,
177.32260918617249,,,,,,,,,,,,,116.5084,7.90756,124.657,terrain
177.68975257873535,149.97,7.99,150.0,232.47,0.0,,,E,,False,11.0,reloading,,,,
178.74453783035278,149.97,7.99,150.0,236.7,0.0,STOP,,,,False,11.0,reloading,,,,
179.78775548934937,149.97,7.99,150.0,236.7,0.0,STOP,,,,False,11.0,reloading,,,,
180.8421266078949,149.97,7.98,150.0,236.7,0.0,STOP,,,,False,11.0,reloading,,,,
181.86670756340027,149.97,7.99,150.0,236.7,0.0,STOP,,,,False,11.0,reloading,,,,
182.90433192253116,149.97,7.99,150.0,236.7,0.0,STOP,,,,True,10.0,fire,,,,
183.6095285415649,,,,,,,,,,,,,114.7046,7.906557,127.1954,terrain
183.9410798549652,149.97,8.0,150.0,236.7,0.0,,,E,,False,10.0,reloading,,,,
184.97731971740723,149.97,7.97,150.0,240.85,0.0,STOP,,,,False,10.0,reloading,,,,
186.01768445968628,149.97,7.97,150.0,240.85,0.0,STOP,,,,False,10.0,reloading,,,,
187.08534145355225,149.97,8.0,150.0,240.85,0.0,STOP,,,,False,10.0,reloading,,,,
188.0992584228516,149.97,7.97,150.0,240.85,0.0,STOP,,,,False,10.0,reloading,,,,
189.1431150436401,149.97,8.0,150.0,240.85,0.0,STOP,,,,True,9.0,fire,,,,
189.8136122226715,,,,,,,,,,,,,113.1214,7.878011,129.8084,terrain
190.18740725517276,149.97,7.99,150.0,240.85,0.0,,,E,,False,9.0,reloading,,,,
191.2433123588562,149.97,7.99,150.0,245.01,0.0,STOP,,,,False,9.0,reloading,,,,
192.28876280784607,149.97,7.99,150.0,245.01,0.0,STOP,,,,False,9.0,reloading,,,,
193.35395216941836,149.97,7.98,150.0,245.01,0.0,STOP,,,,False,9.0,reloading,,,,
194.38242745399475,149.97,7.97,150.0,245.01,0.0,STOP,,,,False,9.0,reloading,,,,
195.42257070541385,149.97,8.0,150.0,245.01,0.0,STOP,,,,True,8.0,fire,,,,
196.08989191055295,,,,,,,,,,,,,111.7268,7.88018,132.5397,terrain
196.46126437187195,149.97,8.0,150.0,245.01,0.0,,,E,,False,8.0,reloading,,,,
197.51646876335144,149.97,7.97,150.0,249.17,0.0,STOP,,,,False,8.0,reloading,,,,
198.5370869636536,149.97,7.97,150.0,249.17,0.0,STOP,,,,False,8.0,reloading,,,,
199.5786957740784,149.97,7.97,150.0,249.17,0.0,STOP,,,,False,8.0,reloading,,,,
200.62451124191284,149.97,7.99,150.0,249.17,0.0,STOP,,,,False,8.0,reloading,,,,
201.6697063446045,149.97,7.99,150.0,249.17,0.0,STOP,,,,True,7.0,fire,,,,
202.3713021278381,,,,,,,,,,,,,110.5374,7.905863,135.3571,terrain
202.7309894561768,149.97,7.99,150.0,249.17,0.0,,,E,,False,7.0,reloading,,,,
203.7482590675354,149.97,7.99,150.0,253.33,0.0,STOP,,,,False,7.0,reloading,,,,
204.78448963165283,149.97,7.99,150.0,253.33,0.0,STOP,,,,False,7.0,reloading,,,,
205.82910299301147,149.97,7.99,150.0,253.33,0.0,STOP,,,,False,7.0,reloading,,,,
206.8728883266449,149.97,7.98,150.0,253.33,0.0,STOP,,,,False,7.0,reloading,,,,
207.93316173553467,149.97,7.98,150.0,253.33,0.0,STOP,,,,True,6.0,fire,,,,
208.58971524238584,,,,,,,,,,,,,109.5521,7.895308,138.2625,terrain
208.95504522323608,149.97,7.97,150.0,253.33,0.0,,,E,,False,6.0,reloading,,,,
209.9943995475769,149.97,7.98,150.0,257.49,0.0,STOP,,,,False,6.0,reloading,,,,
211.03849029541016,149.97,7.97,150.0,257.49,0.0,STOP,,,,False,6.0,reloading,,,,
212.07752180099487,149.97,7.97,150.0,257.49,0.0,STOP,,,,False,6.0,reloading,,,,
213.1372675895691,149.97,7.98,150.0,257.49,0.0,STOP,,,,False,6.0,reloading,,,,
214.15472149848935,149.97,7.98,150.0,257.49,0.0,STOP,,,,True,5.0,fire,,,,
214.83021807670596,,,,,,,,,,,,,108.7829,7.893885,141.2222,terrain
215.20139575004575,149.97,8.0,150.0,257.49,0.0,,,E,,False,5.0,reloading,,,,
216.24127316474917,149.97,8.0,150.0,261.65,0.0,STOP,,,,False,5.0,reloading,,,,
217.28572344779968,149.97,7.99,150.0,261.65,0.0,STOP,,,,False,5.0,reloading,,,,
218.3499994277954,149.97,7.99,150.0,261.65,0.0,STOP,,,,False,5.0,reloading,,,,
219.3696150779724,149.97,7.98,150.0,261.65,0.0,STOP,,,,False,5.0,reloading,,,,
220.40949130058289,149.97,7.99,150.0,261.65,0.0,STOP,,,,True,4.0,fire,,,,
221.0822906494141,,,,,,,,,,,,,108.2295,7.905244,144.236,terrain
221.44915986061096,149.97,7.98,150.0,261.65,0.0,,,E,,False,4.0,reloading,,,,
222.4943995475769,149.97,8.0,150.0,265.78,0.0,STOP,,,,False,4.0,reloading,,,,
223.5396664142609,149.97,7.99,150.0,265.78,0.0,STOP,,,,False,4.0,reloading,,,,
224.5590069293976,149.97,8.0,150.0,265.78,0.0,STOP,,,,False,4.0,reloading,,,,
225.59799075126648,149.97,7.97,150.0,265.78,0.0,STOP,,,,False,4.0,reloading,,,,
226.64246129989624,149.97,8.0,150.0,265.78,0.0,STOP,,,,True,3.0,fire,,,,
227.31049180030823,,,,,,,,,,,,,107.8974,7.880822,147.2618,terrain
227.68213939666748,149.97,8.0,150.0,265.78,0.0,,,E,,False,3.0,reloading,,,,
228.74198603630063,149.97,7.97,150.0,269.93,0.0,STOP,,,,False,3.0,reloading,,,,
229.75226855278012,149.97,7.98,150.0,269.93,0.0,STOP,,,,False,3.0,reloading,,,,
230.8064584732056,149.97,7.98,150.0,269.93,0.0,STOP,,,,False,3.0,reloading,,,,
231.83104038238525,149.97,7.98,150.0,269.93,0.0,STOP,,,,False,3.0,reloading,,,,
232.87249183654785,149.97,7.98,150.0,269.93,0.0,STOP,,,,True,2.0,fire,,,,
233.54396963119507,,,,,,,,,,,,,107.7847,7.896564,150.3089,terrain
233.93418502807617,149.97,7.98,150.0,269.93,0.0,,,E,,False,2.0,reloading,,,,
234.9591908454895,149.97,8.0,150.0,274.12,0.0,STOP,,,,False,2.0,reloading,,,,
236.0026888847351,149.97,8.0,150.0,274.12,0.0,STOP,,,,False,2.0,reloading,,,,
237.0448527336121,149.97,7.99,150.0,274.12,0.0,STOP,,,,False,2.0,reloading,,,,
238.1383864879608,149.97,7.99,150.0,274.12,0.0,STOP,,,,False,2.0,reloading,,,,
239.16378045082087,149.97,7.99,150.0,274.12,0.0,STOP,,,,True,1.0,fire,,,,
239.8317573070526,,,,,,,,,,,,,107.8946,7.876951,153.3933,terrain
240.19957065582275,149.97,8.0,150.0,274.12,0.0,,,E,,False,1.0,reloading,,,,
241.24170017242432,149.97,8.0,150.0,278.29,0.0,STOP,,,,False,1.0,reloading,,,,
242.27875971794128,149.97,7.97,150.0,278.29,0.0,STOP,,,,False,1.0,reloading,,,,
243.3283772468567,149.97,7.98,150.0,278.29,0.0,STOP,,,,False,1.0,reloading,,,,
244.36424136161804,149.97,7.98,150.0,278.29,0.0,STOP,,,,False,1.0,reloading,,,,
245.41094493865967,149.97,7.98,150.0,278.29,0.0,STOP,,,,True,0.0,fire,,,,
246.06692790985107,,,,,,,,,,,,,108.2273,7.898936,156.4442,terrain
246.442568063736,149.97,7.98,150.0,278.29,0.0,,,E,,False,0.0,empty,,,,
247.4701223373413,149.97,7.99,150.0,282.42,0.0,STOP,,,,False,0.0,empty,,,,
248.53290939331052,149.97,7.98,150.0,282.42,0.0,STOP,,,,False,0.0,empty,,,,
249.55306100845337,149.97,7.98,150.0,282.42,0.0,STOP,,,,False,0.0,empty,,,,
250.5925567150116,149.97,7.98,150.0,282.42,0.0,STOP,,,,False,0.0,empty,,,,
251.6263058185577,149.97,7.99,150.0,282.42,0.0,STOP,,,,True,0.0,empty,,,,
252.33094596862796,,,,,,,,,,,,,108.7763,7.908109,159.4405,terrain
252.6681022644043,149.97,7.99,150.0,282.42,0.0,,,E,,False,0.0,empty,,,,
253.74617457389832,149.97,7.99,150.0,286.66,0.0,STOP,,,,False,0.0,empty,,,,
254.76506972312927,149.97,7.99,150.0,286.66,0.0,STOP,,,,False,0.0,empty,,,,
255.80594062805176,149.97,7.99,150.0,286.66,0.0,STOP,,,,False,0.0,empty,,,,
256.8507399559021,149.97,7.98,150.0,286.66,0.0,STOP,,,,False,0.0,empty,,,,
257.8882324695587,149.97,7.99,150.0,286.66,0.0,STOP,,,,True,0.0,empty,,,,
258.6055397987366,,,,,,,,,,,,,109.561,7.907259,162.459,terrain
258.9669349193573,149.97,7.99,150.0,286.66,0.0,,,E,,False,0.0,empty,,,,
259.9965739250183,149.97,7.97,150.0,290.82,0.0,STOP,,,,False,0.0,empty,,,,
261.0352320671081,149.97,7.97,150.0,290.82,0.0,STOP,,,,False,0.0,empty,,,,
262.08488035202026,149.97,7.97,150.0,290.82,0.0,STOP,,,,False,0.0,empty,,,,
263.16395235061646,149.97,7.99,150.0,290.82,0.0,STOP,,,,False,0.0,empty,,,,
264.1952910423279,149.97,7.97,150.0,290.82,0.0,STOP,,,,True,0.0,empty,,,,
264.86783742904663,,,,,,,,,,,,,110.5461,7.891846,165.3602,terrain
265.2331087589264,149.97,7.98,150.0,290.82,0.0,,,E,,False,0.0,empty,,,,
266.2700090408325,149.97,7.99,150.0,294.97,0.0,STOP,,,,False,0.0,empty,,,,
267.3270010948181,149.97,7.99,150.0,294.97,0.0,STOP,,,,False,0.0,empty,,,,
268.3705151081085,149.97,7.98,150.0,294.97,0.0,STOP,,,,False,0.0,empty,,,,
269.4074544906616,149.97,7.99,150.0,294.97,0.0,STOP,,,,False,0.0,empty,,,,
270.4456698894501,149.97,7.99,150.0,294.97,0.0,STOP,,,,True,0.0,empty,,,,
271.11307764053345,,,,,,,,,,,,,111.7335,7.876998,168.1693,terrain
271.4810755252838,149.97,8.0,150.0,294.97,0.0,,,E,,False,0.0,empty,,,,
272.5435016155243,149.97,7.99,150.0,299.15,0.0,STOP,,,,False,0.0,empty,,,,
273.57320952415466,149.97,7.98,150.0,299.15,0.0,STOP,,,,False,0.0,empty,,,,
274.6119840145111,149.97,7.98,150.0,299.15,0.0,STOP,,,,False,0.0,empty,,,,
275.6510682106018,149.97,7.98,150.0,299.15,0.0,STOP,,,,False,0.0,empty,,,,
276.68672251701355,149.97,7.99,150.0,299.15,0.0,STOP,,,,True,0.0,empty,,,,
277.3877458572388,,,,,,,,,,,,,113.1362,7.907389,170.9135,terrain
277.7629015445709,149.97,8.0,150.0,299.15,0.0,,,E,,False,0.0,empty,,,,
278.7909641265869,149.97,7.98,150.0,303.29,0.0,STOP,,,,False,0.0,empty,,,,
279.82622361183167,149.97,7.99,150.0,303.29,0.0,STOP,,,,False,0.0,empty,,,,
280.86130237579346,149.97,8.0,150.0,303.29,0.0,STOP,,,,False,0.0,empty,,,,
281.90525341033936,149.97,7.99,150.0,303.29,0.0,STOP,,,,False,0.0,empty,,,,
282.94416213035583,149.97,7.99,150.0,303.29,0.0,STOP,,,,True,0.0,empty,,,,
283.6199142932892,,,,,,,,,,,,,114.7167,7.876341,173.5191,terrain
283.9853718280792,149.97,8.0,150.0,303.29,0.0,,,E,,False,0.0,empty,,,,
285.02738308906555,149.97,7.99,150.0,307.47,0.0,STOP,,,,False,0.0,empty,,,,
286.0654172897339,149.97,8.0,150.0,307.47,0.0,STOP,,,,False,0.0,empty,,,,
287.09995913505554,149.97,8.0,150.0,307.47,0.0,STOP,,,,False,0.0,empty,,,,
288.1610004901886,149.97,8.0,150.0,307.47,0.0,STOP,,,,False,0.0,empty,,,,
289.17708230018616,149.97,7.97,150.0,307.47,0.0,STOP,,,,True,0.0,empty,,,,
289.84443736076355,,,,,,,,,,,,,116.4979,7.88934,176.0252,terrain
290.232036113739,149.97,7.98,150.0,307.47,0.0,,,E,,False,0.0,empty,,,,
291.2459993362427,149.97,7.99,150.0,311.61,0.0,STOP,,,,False,0.0,empty,,,,
292.287805557251,149.97,7.99,150.0,311.61,0.0,STOP,,,,False,0.0,empty,,,,
293.3496563434601,149.97,7.98,150.0,311.61,0.0,STOP,,,,False,0.0,empty,,,,
294.37415313720703,149.97,7.98,150.0,311.61,0.0,STOP,,,,False,0.0,empty,,,,
295.41616010665894,149.97,7.97,150.0,311.61,0.0,STOP,,,,True,0.0,empty,,,,
296.0885772705078,,,,,,,,,,,,,118.4385,7.890687,178.3744,terrain
296.4547979831696,149.97,7.97,150.0,311.61,0.0,,,E,,False,0.0,empty,,,,
297.49506092071533,149.97,7.97,150.0,315.76,0.0,STOP,,,,False,0.0,empty,,,,
298.5527310371399,149.97,7.98,150.0,315.76,0.0,STOP,,,,False,0.0,empty,,,,
299.59276938438416,149.97,7.98,150.0,315.76,0.0,STOP,,,,False,0.0,empty,,,,
300.6466042995453,149.97,7.99,150.0,315.76,0.0,STOP,,,,False,0.0,empty,,,,
301.69009232521057,149.97,7.99,150.0,315.76,0.0,STOP,,,,True,0.0,empty,,,,
302.36286997795105,,,,,,,,,,,,,120.5538,7.904238,180.5878,terrain
302.7337427139282,149.97,7.98,150.0,315.76,0.0,,,E,,False,0.0,empty,,,,
303.77121758461,149.97,7.98,150.0,319.91,0.0,STOP,,,,False,0.0,empty,,,,
304.8130707740784,149.97,7.98,150.0,319.91,0.0,STOP,,,,False,0.0,empty,,,,
305.8493835926056,149.97,7.99,150.0,319.91,0.0,STOP,,,,False,0.0,empty,,,,
306.88646054267883,149.97,7.99,150.0,319.91,0.0,STOP,,,,False,0.0,empty,,,,
307.95059394836426,149.97,7.99,150.0,319.91,0.0,STOP,,,,True,0.0,empty,,,,
308.6052715778351,,,,,,,,,,,,,122.8157,7.905375,182.6345,terrain
308.9736819267273,149.97,7.98,150.0,319.91,0.0,,,E,,False,0.0,empty,,,,
310.01004433631897,149.97,7.98,150.0,324.06,0.0,STOP,,,,False,0.0,empty,,,,
311.05437111854553,149.97,7.98,150.0,324.06,0.0,STOP,,,,False,0.0,empty,,,,
312.0879485607147,149.97,7.99,150.0,324.06,0.0,STOP,,,,False,0.0,empty,,,,
313.19258093833923,149.97,8.0,150.0,324.06,0.0,STOP,,,,False,0.0,empty,,,,
314.2067246437073,149.97,7.99,150.0,324.06,0.0,STOP,,,,True,0.0,empty,,,,
314.89187812805176,,,,,,,,,,,,,125.2221,7.905471,184.5143,terrain
315.2595191001892,149.97,7.98,150.0,324.06,0.0,,,E,,False,0.0,empty,,,,
316.4188749790192,149.97,8.0,150.0,328.33,0.0,STOP,,,,False,0.0,empty,,,,
317.4385142326355,149.97,7.99,150.0,328.33,0.0,STOP,,,,False,0.0,empty,,,,
318.5044765472412,149.97,7.98,150.0,328.33,0.0,STOP,,,,False,0.0,empty,,,,
319.55132842063904,149.97,8.0,150.0,328.33,0.0,STOP,,,,False,0.0,empty,,,,
320.605997800827,149.97,8.0,150.0,328.33,0.0,STOP,,,,True,0.0,empty,,,,
321.27506136894226,,,,,,,,,,,,,127.834,7.881737,186.2625,terrain
321.6344215869904,149.97,7.99,150.0,328.33,0.0,,,E,,False,0.0,empty,,,,
322.6952283382416,149.97,7.97,150.0,332.53,0.0,STOP,,,,False,0.0,empty,,,,
323.7381980419159,149.97,7.99,150.0,332.53,0.0,STOP,,,,False,0.0,empty,,,,
324.79802775383,149.97,7.99,150.0,332.53,0.0,STOP,,,,False,0.0,empty,,,,
325.82272815704346,149.97,7.98,150.0,332.53,0.0,STOP,,,,False,0.0,empty,,,,
326.8627989292145,149.97,7.98,150.0,332.53,0.0,STOP,,,,True,0.0,empty,,,,
327.5337960720062,,,,,,,,,,,,,130.5264,7.897852,187.7889,terrain
327.9113755226135,149.97,8.0,150.0,332.53,0.0,,,E,,False,0.0,empty,,,,
328.9828643798828,149.97,8.0,150.0,336.78,0.0,STOP,,,,False,0.0,empty,,,,
330.0142269134521,149.97,7.99,150.0,336.78,0.0,STOP,,,,False,0.0,empty,,,,
331.0484607219696,149.97,7.97,150.0,336.78,0.0,STOP,,,,False,0.0,empty,,,,
332.09276485443115,149.97,8.0,150.0,336.78,0.0,STOP,,,,False,0.0,empty,,,,
333.13553380966187,149.97,8.0,150.0,336.78,0.0,STOP,,,,True,0.0,empty,,,,
333.811998128891,,,,,,,,,,,,,133.3522,7.880167,189.1266,terrain
334.30418252944946,149.97,8.0,150.0,336.78,0.0,,,E,,False,0.0,empty,,,,
335.33640003204346,149.97,7.97,150.0,341.07,0.0,STOP,,,,False,0.0,empty,,,,
336.3875048160553,149.97,7.97,150.0,341.07,0.0,STOP,,,,False,0.0,empty,,,,
337.4395670890808,149.97,7.99,150.0,341.07,0.0,STOP,,,,False,0.0,empty,,,,
338.4756934642792,149.97,7.99,150.0,341.07,0.0,STOP,,,,False,0.0,empty,,,,
339.51471304893494,149.97,8.0,150.0,341.07,0.0,STOP,,,,True,0.0,empty,,,,
340.183450460434,,,,,,,,,,,,,136.3033,7.877895,190.2624,terrain
340.5494680404663,149.97,7.97,150.0,341.07,0.0,,,E,,False,0.0,empty,,,,
341.8270261287689,149.97,8.0,150.0,345.48,0.0,STOP,,,,False,0.0,empty,,,,
342.8886024951935,149.97,7.97,150.0,345.48,0.0,STOP,,,,False,0.0,empty,,,,
343.94463419914246,149.97,7.98,150.0,345.48,0.0,STOP,,,,False,0.0,empty,,,,
345.00158309936523,149.97,7.98,150.0,345.48,0.0,STOP,,,,False,0.0,empty,,,,
346.0191400051117,149.97,7.99,150.0,345.48,0.0,STOP,,,,True,0.0,empty,,,,
346.7073678970337,,,,,,,,,,,,,139.4087,7.903711,191.1941,terrain
347.0741186141968,149.97,7.99,150.0,345.48,0.0,,,E,,False,0.0,empty,,,,
348.1057245731354,149.97,8.0,150.0,349.62,0.0,STOP,,,,False,0.0,empty,,,,
349.16727113723755,149.97,7.97,150.0,349.62,0.0,STOP,,,,False,0.0,empty,,,,
350.214816570282,149.97,7.99,150.0,349.62,0.0,STOP,,,,False,0.0,empty,,,,
351.2696318626404,149.97,8.0,150.0,349.62,0.0,STOP,,,,False,0.0,empty,,,,
352.3086359500885,149.97,8.0,150.0,349.62,0.0,STOP,,,,True,0.0,empty,,,,
352.9935932159424,,,,,,,,,,,,,142.3882,7.88435,191.8512,terrain
353.3456084728241,149.97,7.98,150.0,349.62,0.0,,,E,,False,0.0,empty,,,,
354.4022347927093,149.97,7.98,150.0,353.78,0.0,STOP,,,,False,0.0,empty,,,,
355.4629955291748,149.97,7.97,150.0,353.78,0.0,STOP,,,,False,0.0,empty,,,,
356.5144019126892,149.97,8.0,150.0,353.78,0.0,STOP,,,,False,0.0,empty,,,,
357.52668476104736,149.97,7.97,150.0,353.78,0.0,STOP,,,,False,0.0,empty,,,,
358.56414246559143,149.97,7.97,150.0,353.78,0.0,STOP,,,,True,0.0,empty,,,,
359.24225783348083,,,,,,,,,,,,,145.4183,7.891397,192.2921,terrain
359.61262130737305,149.97,8.0,150.0,353.78,0.0,,,E,,False,0.0,empty,,,,
360.6423707008362,149.97,7.97,150.0,357.91,0.0,STOP,,,,False,0.0,empty,,,,
361.8973736763001,149.97,7.99,150.0,357.91,0.0,STOP,,,,False,0.0,empty,,,,
362.9283156394959,149.97,7.97,150.0,357.91,0.0,STOP,,,,False,0.0,empty,,,,
363.9675984382629,149.97,7.97,150.0,357.91,0.0,STOP,,,,False,0.0,empty,,,,
365.0089499950409,149.97,8.0,150.0,357.91,0.0,STOP,,,,True,0.0,empty,,,,
365.68491983413696,,,,,,,,,,,,,148.4554,7.883957,192.5118,terrain
366.050981760025,149.97,8.0,150.0,357.91,0.0,,,E,,False,0.0,empty,,,,
367.08894896507263,149.97,8.0,150.0,2.09,0.0,STOP,,,,False,0.0,empty,,,,
368.1335849761963,149.97,8.0,150.0,2.09,0.0,STOP,,,,False,0.0,empty,,,,
369.1788449287415,149.97,7.99,150.0,2.09,0.0,STOP,,,,False,0.0,empty,,,,
370.21374225616455,149.97,8.0,150.0,2.09,0.0,STOP,,,,False,0.0,empty,,,,
371.2548673152924,149.97,8.0,150.0,2.09,0.0,STOP,,,,True,0.0,empty,,,,
371.9238820075989,,,,,,,,,,,,,151.5264,7.878735,192.5107,terrain
372.29177832603455,149.97,8.0,150.0,2.09,0.0,,,E,,False,0.0,empty,,,,
373.3455953598023,149.97,7.97,150.0,6.3,0.0,STOP,,,,False,0.0,empty,,,,
374.3973844051361,149.97,7.98,150.0,6.3,0.0,STOP,,,,False,0.0,empty,,,,
375.42874574661255,149.97,8.0,150.0,6.3,0.0,STOP,,,,False,0.0,empty,,,,
376.6471338272095,149.97,8.0,150.0,6.3,0.0,STOP,,,,False,0.0,empty,,,,
377.6779174804688,149.97,7.98,150.0,6.3,0.0,STOP,,,,True,0.0,empty,,,,
378.3758070468903,,,,,,,,,,,,,154.6167,7.903496,192.2832,terrain
378.7421803474426,149.97,7.98,150.0,6.3,0.0,,,E,,False,0.0,empty,,,,
379.8208737373352,149.97,7.97,150.0,10.47,0.0,STOP,,,,False,0.0,empty,,,,
380.8628232479096,149.97,7.98,150.0,10.61,0.0,STOP,,,,False,0.0,empty,,,,
381.9157691001892,149.97,7.99,150.0,10.61,0.0,STOP,,,,False,0.0,empty,,,,
382.94578790664673,149.97,8.0,150.0,10.61,0.0,STOP,,,,False,0.0,empty,,,,
384.0244364738464,149.97,7.98,150.0,10.61,0.0,STOP,,,,True,0.0,empty,,,,
384.6919221878052,,,,,,,,,,,,,157.7601,7.905587,191.8146,terrain
385.061785697937,149.97,7.97,150.0,10.61,0.0,,,E,,False,0.0,empty,,,,
386.1175699234009,149.97,7.98,150.0,14.77,0.0,STOP,,,,False,0.0,empty,,,,
387.1541426181793,149.97,8.0,150.0,14.77,0.0,STOP,,,,False,0.0,empty,,,,
388.2073826789856,149.97,7.97,150.0,14.77,0.0,STOP,,,,False,0.0,empty,,,,
389.2553770542145,149.97,8.0,150.0,14.77,0.0,STOP,,,,False,0.0,empty,,,,
390.2871556282044,149.97,7.97,150.0,14.77,0.0,STOP,,,,True,0.0,empty,,,,
390.9642674922943,,,,,,,,,,,,,160.7426,7.888487,191.1417,terrain
391.3336274623871,149.97,8.0,150.0,14.77,0.0,,,E,,False,0.0,empty,,,,
392.5285060405731,149.97,7.97,150.0,18.97,0.0,STOP,,,,False,0.0,empty,,,,
393.5611801147461,149.97,7.98,150.0,18.97,0.0,STOP,,,,False,0.0,empty,,,,
394.61333203315735,149.97,7.98,150.0,18.97,0.0,STOP,,,,False,0.0,empty,,,,
395.6494135856629,149.97,8.0,150.0,18.97,0.0,STOP,,,,False,0.0,empty,,,,
396.6868484020233,149.97,7.97,150.0,18.97,0.0,STOP,,,,True,0.0,empty,,,,
397.3495862483978,,,,,,,,,,,,,163.7078,7.888651,190.2411,terrain
397.7569327354431,149.97,7.98,150.0,18.97,0.0,,,E,,False,0.0,empty,,,,
398.8106932640076,149.97,8.0,150.0,23.19,0.0,STOP,,,,False,0.0,empty,,,,
399.8543810844421,149.97,7.99,150.0,23.19,0.0,STOP,,,,False,0.0,empty,,,,
400.8953504562378,149.97,7.99,149.99,23.19,0.0,STOP,,,,False,0.0,empty,,,,
401.9328372478485,149.97,8.0,149.99,23.19,0.0,STOP,,,,False,0.0,empty,,,,
402.978538274765,149.97,7.98,149.99,23.19,0.0,STOP,,,,True,0.0,empty,,,,
403.6574771404266,,,,,,,,,,,,,166.601,7.901638,189.1161,terrain
404.026328086853,149.97,7.97,149.99,23.19,0.0,,,E,,False,0.0,empty,,,,
405.0688464641571,149.97,7.97,149.99,27.36,0.0,STOP,,,,False,0.0,empty,,,,
406.1216559410095,149.97,7.97,149.99,27.36,0.0,STOP,,,,False,0.0,empty,,,,
407.1468813419342,149.97,7.97,149.99,27.36,0.0,STOP,,,,False,0.0,empty,,,,
408.1873278617859,149.97,7.97,149.99,27.36,0.0,STOP,,,,False,0.0,empty,,,,
409.25567984580994,149.97,7.99,149.99,27.36,0.0,STOP,,,,True,0.0,empty,,,,
409.920568227768,,,,,,,,,,,,,169.3755,7.874806,187.803,terrain
410.29030656814575,149.97,7.99,149.99,27.36,0.0,,,E,,False,0.0,empty,,,,
411.3369734287262,149.97,7.99,149.99,31.52,0.0,STOP,,,,False,0.0,empty,,,,
412.3754668235779,149.97,7.99,149.99,31.52,0.0,STOP,,,,False,0.0,empty,,,,
413.4278149604797,149.97,7.97,149.99,31.52,0.0,STOP,,,,False,0.0,empty,,,,
414.4668629169464,149.97,7.97,149.99,31.52,0.0,STOP,,,,False,0.0,empty,,,,
415.5334808826447,149.97,7.98,149.99,31.52,0.0,STOP,,,,True,0.0,empty,,,,
416.2198750972748,,,,,,,,,,,,,172.0477,7.902638,186.2938,terrain
416.55332922935486,149.97,7.99,149.99,31.52,0.0,,,E,,False,0.0,empty,,,,
417.6041731834412,149.97,7.98,149.99,35.72,0.0,STOP,,,,False,0.0,empty,,,,
418.6528387069702,149.97,8.0,149.99,35.72,0.0,STOP,,,,False,0.0,empty,,,,
419.69059133529663,149.97,8.0,149.99,35.72,0.0,STOP,,,,False,0.0,empty,,,,
420.7338612079621,149.97,7.98,149.99,35.72,0.0,STOP,,,,False,0.0,empty,,,,
421.8913221359253,149.97,7.98,149.99,35.72,0.0,STOP,,,,True,0.0,empty,,,,
422.5976746082306,,,,,,,,,,,,,174.6198,7.881922,184.5817,terrain
422.9405105113983,149.97,7.98,149.99,35.72,0.0,,,E,,False,0.0,empty,,,,
423.9792110919952,149.97,7.98,149.99,39.86,0.0,STOP,,,,False,0.0,empty,,,,
425.0312957763672,149.97,8.0,149.99,39.86,0.0,STOP,,,,False,0.0,empty,,,,
426.0754659175873,149.97,8.0,149.99,39.86,0.0,STOP,,,,False,0.0,empty,,,,
427.1380064487457,149.97,7.99,149.99,39.86,0.0,STOP,,,,False,0.0,empty,,,,
428.1562259197235,149.97,7.99,149.99,39.86,0.0,STOP,,,,True,0.0,empty,,,,
428.8280727863312,,,,,,,,,,,,,177.0272,7.873197,182.7134,terrain
429.19860672950745,149.97,7.98,149.99,39.86,0.0,,,E,,False,0.0,empty,,,,
430.2412757873535,149.97,7.98,149.99,44.02,0.0,STOP,,,,False,0.0,empty,,,,
431.2741549015045,149.97,7.98,149.99,44.02,0.0,STOP,,,,False,0.0,empty,,,,
432.3488292694092,149.97,7.99,149.99,44.02,0.0,STOP,,,,False,0.0,empty,,,,
433.3837206363678,149.97,7.97,149.99,44.02,0.0,STOP,,,,False,0.0,empty,,,,
434.4346585273743,149.97,7.99,149.99,44.02,0.0,STOP,,,,True,0.0,empty,,,,
435.1011157035828,,,,,,,,,,,,,179.3046,7.874547,180.6658,terrain
435.4649682044983,149.97,8.0,149.99,44.02,0.0,,,E,,False,0.0,empty,,,,
436.5335021018982,149.97,8.0,149.99,48.19,0.0,STOP,,,,False,0.0,empty,,,,
437.73577976226807,149.97,7.97,149.99,48.19,0.0,STOP,,,,False,0.0,empty,,,,
438.7890956401825,149.97,7.98,149.99,48.19,0.0,STOP,,,,False,0.0,empty,,,,
439.854501247406,149.97,8.0,149.99,48.19,0.0,STOP,,,,False,0.0,empty,,,,
440.8856701850891,149.97,7.98,149.99,48.19,0.0,STOP,,,,True,0.0,empty,,,,
441.5610649585724,,,,,,,,,,,,,181.432,7.898002,178.4529,terrain
441.9552094936371,149.97,7.98,149.99,48.19,0.0,,,E,,False,0.0,empty,,,,
442.97766613960266,149.97,8.0,149.99,52.39,0.0,STOP,,,,False,0.0,empty,,,,
444.0277578830719,149.97,7.98,149.99,52.39,0.0,STOP,,,,False,0.0,empty,,,,
445.06728076934814,149.97,7.99,149.99,52.39,0.0,STOP,,,,False,0.0,empty,,,,
446.1365644931793,149.97,7.97,149.99,52.39,0.0,STOP,,,,False,0.0,empty,,,,
447.1584072113037,149.97,8.0,149.99,52.39,0.0,STOP,,,,True,0.0,empty,,,,
447.8364720344544,,,,,,,,,,,,,183.4063,7.879714,176.0825,terrain
448.20779490470886,149.97,7.98,150.0,52.39,0.0,,,E,,False,0.0,empty,,,,
449.24210357666016,149.97,7.99,150.0,56.53,0.0,STOP,,,,False,0.0,empty,,,,
450.2807583808899,149.97,7.99,150.0,56.53,0.0,STOP,,,,False,0.0,empty,,,,
451.33971762657166,149.97,7.99,150.0,56.53,0.0,STOP,,,,False,0.0,empty,,,,
452.4040946960449,149.97,7.99,150.0,56.53,0.0,STOP,,,,False,0.0,empty,,,,
453.48050260543823,149.97,7.98,150.0,56.53,0.0,STOP,,,,True,0.0,empty,,,,
454.1550462245941,,,,,,,,,,,,,185.1765,7.898738,173.6049,terrain
454.54737997055054,149.97,7.99,150.0,56.53,0.0,,,E,,False,0.0,empty,,,,
455.5707943439484,149.97,7.98,150.0,60.71,0.0,STOP,,,,False,0.0,empty,,,,
456.60727286338806,149.97,7.98,150.0,60.71,0.0,STOP,,,,False,0.0,empty,,,,
457.645736694336,149.97,7.99,150.0,60.71,0.0,STOP,,,,False,0.0,empty,,,,
458.6864817142487,149.97,7.98,150.0,60.71,0.0,STOP,,,,False,0.0,empty,,,,
459.7464525699616,149.97,7.99,150.0,60.71,0.0,STOP,,,,True,0.0,empty,,,,
460.3984832763672,,,,,,,,,,,,,186.7793,7.900822,170.9752,terrain
460.7662508487701,149.97,7.98,150.0,60.71,0.0,,,E,,False,0.0,empty,,,,
461.8052208423615,149.97,7.98,150.0,64.87,0.0,STOP,,,,False,0.0,empty,,,,
462.8478965759277,149.97,7.99,150.0,64.87,0.0,STOP,,,,False,0.0,empty,,,,
463.8926844596863,149.97,7.97,150.0,64.87,0.0,STOP,,,,False,0.0,empty,,,,
464.9446792602539,149.97,7.99,150.0,64.87,0.0,STOP,,,,False,0.0,empty,,,,
465.9851176738739,149.97,7.99,150.0,64.87,0.0,STOP,,,,True,0.0,empty,,,,
467.0674760341644,,,,,,,,,,,,,188.1778,7.90479,168.253,terrain
467.4558548927307,149.97,7.99,150.0,64.87,0.0,,,E,,False,0.0,empty,,,,
468.5581858158112,149.97,7.98,150.0,69.25,0.0,STOP,,,,False,0.0,empty,,,,
469.6094870567322,149.97,7.99,150.0,69.25,0.0,STOP,,,,False,0.0,empty,,,,
470.66587471961975,149.97,8.0,150.0,69.25,0.0,STOP,,,,False,0.0,empty,,,,
471.70520973205566,149.97,8.0,150.0,69.25,0.0,STOP,,,,False,0.0,empty,,,,
472.7482767105103,149.97,7.99,150.0,69.25,0.0,STOP,,,,True,0.0,empty,,,,
473.4290356636048,,,,,,,,,,,,,189.4334,7.907232,165.2844,terrain
473.7999351024628,149.97,7.97,150.0,69.25,0.0,,,E,,False,0.0,empty,,,,
474.8561263084412,149.97,7.97,150.0,73.41,0.0,STOP,,,,False,0.0,empty,,,,
475.8796057701111,149.97,7.98,150.0,73.41,0.0,STOP,,,,False,0.0,empty,,,,
476.9361088275909,149.97,7.98,150.0,73.41,0.0,STOP,,,,False,0.0,empty,,,,
477.9620108604431,149.97,8.0,150.0,73.41,0.0,STOP,,,,False,0.0,empty,,,,
479.02553844451904,149.97,8.0,150.0,73.41,0.0,STOP,,,,True,0.0,empty,,,,
479.69096875190735,,,,,,,,,,,,,190.4135,7.881885,162.3813,terrain
480.0651557445526,149.97,8.0,150.0,73.41,0.0,,,E,,False,0.0,empty,,,,
481.1140146255493,149.97,8.0,150.0,77.58,0.0,STOP,,,,False,0.0,empty,,,,
482.5007290840149,149.97,7.97,150.0,77.58,0.0,STOP,,,,False,0.0,empty,,,,
483.5485458374024,149.97,7.97,150.0,77.58,0.0,STOP,,,,False,0.0,empty,,,,
484.60267186164856,149.97,7.98,150.0,77.58,0.0,STOP,,,,False,0.0,empty,,,,
485.6660323143005,149.97,8.0,150.0,77.58,0.0,STOP,,,,True,0.0,empty,,,,
486.3179965019226,,,,,,,,,,,,,191.1812,7.880319,159.4114,terrain
486.6811599731445,149.97,7.97,150.0,77.58,0.0,,,E,,False,0.0,empty,,,,
487.7312383651733,149.97,7.98,150.0,81.72,0.0,STOP,,,,False,0.0,empty,,,,
488.77114701271057,149.97,8.0,150.0,81.72,0.0,STOP,,,,False,0.0,empty,,,,
489.81423115730286,149.97,8.0,150.0,81.72,0.0,STOP,,,,False,0.0,empty,,,,
490.8648750782013,149.97,8.0,150.0,81.72,0.0,STOP,,,,False,0.0,empty,,,,
491.9073920249939,149.97,7.97,150.0,81.72,0.0,STOP,,,,True,0.0,empty,,,,
492.5832691192627,,,,,,,,,,,,,191.7282,7.886396,156.4102,terrain
492.9403645992279,149.97,7.98,150.0,81.72,0.0,,,E,,False,0.0,empty,,,,
493.9980943202973,149.97,7.99,150.0,85.94,0.0,STOP,,,,False,0.0,empty,,,,
495.0497360229492,149.97,7.99,150.0,85.94,0.0,STOP,,,,False,0.0,empty,,,,
496.07302141189575,149.97,7.99,150.0,85.94,0.0,STOP,,,,False,0.0,empty,,,,
497.1541578769684,149.97,7.99,150.0,85.94,0.0,STOP,,,,False,0.0,empty,,,,
498.3880240917206,149.97,8.0,150.0,85.94,0.0,STOP,,,,True,0.0,empty,,,,
499.0599570274353,,,,,,,,,,,,,192.0607,7.875852,153.3199,terrain
499.4466996192932,149.97,7.99,150.0,85.94,0.0,,,E,,False,0.0,empty,,,,
500.4730458259583,149.97,7.99,150.0,90.09,0.0,STOP,,,,False,0.0,empty,,,,
501.5316231250763,149.97,8.0,150.0,90.09,0.0,STOP,,,,False,0.0,empty,,,,
502.5726857185364,149.97,8.0,150.0,90.09,0.0,STOP,,,,False,0.0,empty,,,,
503.6152400970459,149.97,7.98,150.0,90.09,0.0,STOP,,,,False,0.0,empty,,,,
504.66279649734497,149.97,7.97,150.0,90.09,0.0,STOP,,,,True,0.0,empty,,,,
505.3617684841156,,,,,,,,,,,,,192.1659,7.890671,150.2648,terrain
505.7061355113983,149.97,7.97,150.0,90.09,0.0,,,E,,False,0.0,empty,,,,
506.7565648555756,149.97,7.99,150.0,94.29,0.0,STOP,,,,False,0.0,empty,,,,
507.8002853393554,149.97,7.98,150.0,94.29,0.0,STOP,,,,False,0.0,empty,,,,
508.86998534202576,149.97,7.97,150.0,94.29,0.0,STOP,,,,False,0.0,empty,,,,
509.8829779624939,149.97,7.97,150.0,94.29,0.0,STOP,,,,False,0.0,empty,,,,
510.9173529148102,149.97,7.98,150.0,94.29,0.0,STOP,,,,True,0.0,empty,,,,
511.5930879116058,,,,,,,,,,,,,192.0471,7.899809,147.1788,terrain
512.1185598373413,149.97,7.99,150.0,94.29,0.0,,,E,,False,0.0,empty,,,,
513.4269342422485,149.97,7.99,150.0,99.65,0.0,STOP,,,,False,0.0,empty,,,,
514.4816451072693,149.97,7.97,150.0,99.65,0.0,STOP,,,,False,0.0,empty,,,,
515.5158050060272,149.97,7.97,150.0,99.65,0.0,STOP,,,,False,0.0,empty,,,,
516.5540158748627,149.97,7.98,150.0,99.65,0.0,STOP,,,,False,0.0,empty,,,,
517.6059832572937,149.97,8.0,150.0,99.65,0.0,STOP,,,,True,0.0,empty,,,,
518.2722799777985,,,,,,,,,,,,,191.5671,7.879115,143.2622,terrain
518.6431460380554,149.97,7.97,150.0,99.65,0.0,,,E,,False,0.0,empty,,,,
519.6724870204926,149.97,7.98,150.0,103.79,0.0,STOP,,,,False,0.0,empty,,,,
520.70920753479,149.97,7.98,150.0,103.79,0.0,STOP,,,,False,0.0,empty,,,,
521.7452757358551,149.97,8.0,150.0,103.79,0.0,STOP,,,,False,0.0,empty,,,,
522.8010621070862,149.97,8.0,150.0,103.79,0.0,STOP,,,,False,0.0,empty,,,,
523.8458096981049,149.97,7.99,150.0,103.79,0.0,STOP,,,,True,0.0,empty,,,,
524.5227613449097,,,,,,,,,,,,,190.9458,7.90835,140.2734,terrain
524.8934843540192,149.97,7.98,150.0,103.79,0.0,,,E,,False,0.0,empty,,,,
525.9375007152557,149.97,7.98,150.0,107.96,0.0,STOP,,,,False,0.0,empty,,,,
527.2640979290009,149.97,7.98,150.0,107.96,0.0,STOP,,,,False,0.0,empty,,,,
528.3069913387299,149.97,7.98,150.0,107.96,0.0,STOP,,,,False,0.0,empty,,,,
529.3342230319977,149.97,7.98,150.0,107.96,0.0,STOP,,,,False,0.0,empty,,,,
530.3943395614624,149.97,7.99,150.0,107.96,0.0,STOP,,,,True,0.0,empty,,,,
531.0499768257141,,,,,,,,,,,,,190.1045,7.896268,137.3215,terrain
531.4171459674835,149.97,7.97,150.0,107.96,0.0,,,E,,False,0.0,empty,,,,
532.4563910961151,149.97,7.97,150.0,112.12,0.0,STOP,,,,False,0.0,empty,,,,
533.5018320083618,149.97,8.0,150.0,112.12,0.0,STOP,,,,False,0.0,empty,,,,
534.5445637702942,149.97,8.0,150.0,112.12,0.0,STOP,,,,False,0.0,empty,,,,
535.5975604057312,149.97,7.97,150.0,112.12,0.0,STOP,,,,False,0.0,empty,,,,
536.6195726394653,149.97,7.97,150.0,112.12,0.0,STOP,,,,True,0.0,empty,,,,
537.3000159263611,,,,,,,,,,,,,189.0545,7.885299,134.4467,terrain
537.6699118614197,149.97,7.99,150.0,112.12,0.0,,,E,,False,0.0,empty,,,,
538.7064034938812,149.97,7.99,150.0,116.27,0.0,STOP,,,,False,0.0,empty,,,,
539.7457435131073,149.97,7.99,150.0,116.27,0.0,STOP,,,,False,0.0,empty,,,,
540.8383374214172,149.97,7.98,150.0,116.27,0.0,STOP,,,,False,0.0,empty,,,,
541.935708284378,149.97,7.99,150.0,116.27,0.0,STOP,,,,False,0.0,empty,,,,
543.4188740253448,149.97,7.98,150.0,116.27,0.0,STOP,,,,True,0.0,empty,,,,
544.1193535327911,,,,,,,,,,,,,187.8025,7.900469,131.6616,terrain
544.4531881809235,149.97,7.99,150.0,116.27,0.0,,,E,,False,0.0,empty,,,,
545.4851496219635,149.97,7.97,150.0,120.4,0.0,STOP,,,,False,0.0,empty,,,,
546.5202870368958,149.97,7.98,150.0,120.4,0.0,STOP,,,,False,0.0,empty,,,,
547.5738887786865,149.97,7.99,150.0,120.4,0.0,STOP,,,,False,0.0,empty,,,,
548.6080007553101,149.97,8.0,150.0,120.4,0.0,STOP,,,,False,0.0,empty,,,,
549.6563491821289,149.97,7.99,150.0,120.4,0.0,STOP,,,,True,0.0,empty,,,,
550.3657486438751,,,,,,,,,,,,,186.3572,7.903986,128.9835,terrain
550.6980030536652,149.97,8.0,150.0,120.4,0.0,,,E,,False,0.0,empty,,,,
551.7242877483368,149.97,7.97,150.0,124.54,0.0,STOP,,,,False,0.0,empty,,,,
552.766660451889,149.97,7.99,150.0,124.54,0.0,STOP,,,,False,0.0,empty,,,,
553.7914683818817,149.97,8.0,150.0,124.54,0.0,STOP,,,,False,0.0,empty,,,,
554.8329339027405,149.97,7.97,150.0,124.54,0.0,STOP,,,,False,0.0,empty,,,,
555.8669865131378,149.97,7.99,150.0,124.54,0.0,STOP,,,,True,0.0,empty,,,,
556.5660836696625,,,,,,,,,,,,,184.7228,7.903277,126.4164,terrain
557.1121249198914,149.97,8.0,150.0,124.54,0.0,,,E,,False,0.0,empty,,,,
558.1664493083954,149.97,7.99,150.0,128.71,0.0,STOP,,,,False,0.0,empty,,,,
559.2180349826813,149.97,7.98,150.0,128.71,0.0,STOP,,,,False,0.0,empty,,,,
560.2913730144501,149.97,7.99,150.0,128.71,0.0,STOP,,,,False,0.0,empty,,,,
561.3718111515045,149.97,7.99,150.0,128.71,0.0,STOP,,,,False,0.0,empty,,,,
562.4161429405212,149.97,7.99,150.0,128.71,0.0,STOP,,,,True,0.0,empty,,,,
563.109014749527,,,,,,,,,,,,,182.8873,7.889065,123.9489,terrain
563.4994170665741,149.97,7.98,150.0,128.71,0.0,,,E,,False,0.0,empty,,,,
564.5878734588623,149.97,7.98,150.0,133.03,0.0,STOP,,,,False,0.0,empty,,,,
565.6616342067719,149.97,7.98,150.0,133.03,0.0,STOP,,,,False,0.0,empty,,,,
566.7442598342896,149.97,7.97,150.0,133.03,0.0,STOP,,,,False,0.0,empty,,,,
567.8273258209229,149.97,7.97,150.0,133.03,0.0,STOP,,,,False,0.0,empty,,,,
568.9082281589508,149.97,8.0,150.0,133.03,0.0,STOP,,,,True,0.0,empty,,,,
569.5933158397675,,,,,,,,,,,,,180.808,7.903429,121.548,terrain
569.9603145122528,149.97,8.0,150.0,133.03,0.0,,,E,,False,0.0,empty,,,,
571.0406258106232,149.97,7.99,150.0,137.35,0.0,STOP,,,,False,0.0,empty,,,,
572.2481079101562,149.97,7.99,150.0,137.35,0.0,STOP,,,,False,0.0,empty,,,,
573.3033719062805,149.97,7.97,150.0,137.35,0.0,STOP,,,,False,0.0,empty,,,,
574.3626778125763,149.97,7.97,150.0,137.35,0.0,STOP,,,,False,0.0,empty,,,,
575.4276571273804,149.97,8.0,150.0,137.35,0.0,STOP,,,,True,0.0,empty,,,,
576.1124274730682,,,,,,,,,,,,,178.5473,7.902739,119.3042,terrain
576.4702994823456,149.97,8.0,150.0,137.35,0.0,,,E,,False,0.0,empty,,,,
577.5627028942108,149.97,7.99,150.0,141.69,0.0,STOP,,,,False,0.0,empty,,,,
578.6090543270111,149.97,8.0,150.0,141.69,0.0,STOP,,,,False,0.0,empty,,,,
579.6532759666443,149.97,7.99,150.0,141.69,0.0,STOP,,,,False,0.0,empty,,,,
580.7318730354309,149.97,7.99,150.0,141.69,0.0,STOP,,,,False,0.0,empty,,,,
581.8247792720795,149.97,7.99,150.0,141.69,0.0,STOP,,,,True,0.0,empty,,,,
582.5109777450562,,,,,,,,,,,,,176.1174,7.888007,117.2321,terrain
582.90265583992,149.97,7.97,150.0,141.69,0.0,,,E,,False,0.0,empty,,,,
583.9817733764648,149.97,7.98,150.0,146.01,0.0,STOP,,,,False,0.0,empty,,,,
585.0291845798492,149.97,8.0,150.0,146.01,0.0,STOP,,,,False,0.0,empty,,,,
586.1735835075378,149.97,7.99,150.0,146.01,0.0,STOP,,,,False,0.0,empty,,,,
587.5866305828094,149.97,8.0,150.0,146.01,0.0,STOP,,,,False,0.0,empty,,,,
588.6601428985596,149.97,7.97,150.0,146.01,0.0,STOP,,,,True,0.0,empty,,,,
589.3678712844849,,,,,,,,,,,,,173.5514,7.873657,115.3586,terrain
589.7043786048889,149.97,8.0,150.0,146.01,0.0,,,E,,False,0.0,empty,,,,
590.8125696182251,149.97,7.97,150.0,150.22,0.0,STOP,,,,False,0.0,empty,,,,
591.9137406349182,149.97,7.99,150.0,150.42,0.0,STOP,,,,False,0.0,empty,,,,
592.9654650688171,149.97,7.99,150.0,150.42,0.0,STOP,,,,False,0.0,empty,,,,
594.0270147323608,149.97,7.99,150.0,150.42,0.0,STOP,,,,False,0.0,empty,,,,
595.1067526340485,149.97,7.99,150.0,150.42,0.0,STOP,,,,True,0.0,empty,,,,
595.7961120605469,,,,,,,,,,,,,170.7919,7.896434,113.6494,terrain
596.1726641654968,149.97,7.97,150.0,150.42,0.0,,,E,,False,0.0,empty,,,,
597.2258915901184,149.97,7.99,150.0,154.68,0.0,STOP,,,,False,0.0,empty,,,,
598.406417131424,149.97,8.0,150.0,154.68,0.0,STOP,,,,False,0.0,empty,,,,
599.4520106315613,149.97,7.98,150.0,154.68,0.0,STOP,,,,False,0.0,empty,,,,
600.4994912147522,149.97,8.0,150.0,154.68,0.0,STOP,,,,False,0.0,empty,,,,
601.5842025279999,149.97,7.98,150.0,154.68,0.0,STOP,,,,True,0.0,empty,,,,
602.2481415271759,,,,,,,,,,,,,168.0049,7.885869,112.2029,terrain
602.6474270820618,149.97,7.98,150.0,154.68,0.0,,,E,,False,0.0,empty,,,,
603.7102138996124,149.97,7.98,150.0,158.93,0.0,STOP,,,,False,0.0,empty,,,,
604.7877168655396,149.97,7.98,150.0,158.93,0.0,STOP,,,,False,0.0,empty,,,,
605.8414478302002,149.97,8.0,150.0,158.93,0.0,STOP,,,,False,0.0,empty,,,,
606.8995413780212,149.97,8.0,150.0,158.93,0.0,STOP,,,,False,0.0,empty,,,,
607.9763376712799,149.97,8.0,150.0,158.93,0.0,STOP,,,,True,0.0,empty,,,,
608.6618936061859,,,,,,,,,,,,,165.1282,7.886271,110.9715,terrain
609.0217056274414,149.97,8.0,150.0,158.93,0.0,,,E,,False,0.0,empty,,,,
610.1022026538849,149.97,8.0,150.0,163.26,0.0,STOP,,,,False,0.0,empty,,,,
611.1704080104828,149.97,8.0,150.0,163.26,0.0,STOP,,,,False,0.0,empty,,,,
612.239292383194,149.97,8.0,150.0,163.26,0.0,STOP,,,,False,0.0,empty,,,,
613.3100342750549,149.97,7.98,150.0,163.26,0.0,STOP,,,,False,0.0,empty,,,,
614.3974850177765,149.97,7.99,150.0,163.26,0.0,STOP,,,,True,0.0,empty,,,,
615.0907473564148,,,,,,,,,,,,,162.1165,7.894823,109.9411,terrain
615.4659941196442,149.97,7.99,150.0,163.26,0.0,,,E,,False,0.0,empty,,,,
616.5198156833649,149.97,8.0,150.0,167.48,0.0,STOP,,,,False,0.0,empty,,,,
617.5949220657349,149.97,7.98,150.0,167.48,0.0,STOP,,,,False,0.0,empty,,,,
618.6486830711365,149.97,7.98,150.0,167.48,0.0,STOP,,,,False,0.0,empty,,,,
619.7499132156372,149.97,7.97,150.0,167.48,0.0,STOP,,,,False,0.0,empty,,,,
620.833149433136,149.97,7.99,150.0,167.48,0.0,STOP,,,,True,0.0,empty,,,,
621.9758901596069,,,,,,,,,,,,,159.1112,7.879167,109.1574,terrain
622.1782827377319,149.97,8.0,150.0,167.48,0.0,,,E,,False,0.0,empty,,,,
623.2373387813568,149.97,7.98,150.0,171.85,0.0,STOP,,,,False,0.0,empty,,,,
624.3349158763885,149.97,7.98,150.0,171.85,0.0,STOP,,,,False,0.0,empty,,,,
625.3806571960449,149.97,7.97,150.0,171.85,0.0,STOP,,,,False,0.0,empty,,,,
626.4436986446381,149.97,8.0,150.0,171.85,0.0,STOP,,,,False,0.0,empty,,,,
627.5154929161072,149.97,7.98,150.0,171.85,0.0,STOP,,,,True,0.0,empty,,,,
628.1980466842651,,,,,,,,,,,,,155.9421,7.887526,108.5804,terrain
628.6099750995636,149.97,7.98,150.0,171.85,0.0,,,E,,False,0.0,empty,,,,
629.6605105400085,149.97,7.99,150.0,176.07,0.0,STOP,,,,False,0.0,empty,,,,
630.7417693138123,149.97,7.98,150.0,176.07,0.0,STOP,,,,False,0.0,empty,,,,
631.8243544101715,149.97,7.98,150.0,176.07,0.0,STOP,,,,False,0.0,empty,,,,
632.8878071308136,149.97,8.0,150.0,176.07,0.0,STOP,,,,False,0.0,empty,,,,
633.9755866527557,149.97,8.0,150.0,176.07,0.0,STOP,,,,True,0.0,empty,,,,
634.6483323574066,,,,,,,,,,,,,152.8501,7.899006,108.2545,terrain
635.0562038421631,149.97,7.99,150.0,176.07,0.0,STOP,,,,False,0.0,empty,,,,
636.1387617588043,149.97,7.99,150.0,176.07,0.0,STOP,,,,False,0.0,empty,,,,
637.2141036987305,149.97,7.98,150.0,176.07,0.0,STOP,,,,False,0.0,empty,,,,
638.2919657230377,149.97,7.99,150.0,176.07,0.0,STOP,,,,False,0.0,empty,,,,
639.3764564990997,149.97,8.0,150.0,176.07,0.0,STOP,,,,False,0.0,empty,,,,
640.4408040046692,149.97,7.97,150.0,176.07,0.0,STOP,,,,False,0.0,empty,,,,
641.5161561965942,149.97,7.98,150.0,176.07,0.0,STOP,,,,False,0.0,empty,,,,
642.5908393859863,149.97,7.99,150.0,176.07,0.0,STOP,,,,False,0.0,empty,,,,
643.9239504337311,149.97,7.97,150.0,176.07,0.0,STOP,,,,False,0.0,empty,,,,
644.9914343357086,149.97,7.97,150.0,176.07,0.0,STOP,,,,False,0.0,empty,,,,
646.0510194301605,149.97,7.99,150.0,176.07,0.0,STOP,,,,False,0.0,empty,,,,
647.1349930763245,149.97,8.0,150.0,176.07,0.0,STOP,,,,False,0.0,empty,,,,
648.2105917930603,149.97,7.97,150.0,176.07,0.0,STOP,,,,False,0.0,empty,,,,
649.2888617515564,149.97,7.97,150.0,176.07,0.0,STOP,,,,False,0.0,empty,,,,
650.3653426170349,149.97,7.98,150.0,176.07,0.0,STOP,,,,False,0.0,empty,,,,
651.4423487186432,149.97,7.98,150.0,176.07,0.0,STOP,,,,False,0.0,empty,,,,
652.5165538787842,149.97,7.99,150.0,176.07,0.0,STOP,,,,False,0.0,empty,,,,
653.5839846134186,149.97,8.0,150.0,176.07,0.0,STOP,,,,False,0.0,empty,,,,
